/*
 Navicat Premium Data Transfer

 Source Server         : BS_Backend
 Source Server Type    : MySQL
 Source Server Version : 80032
 Source Host           : localhost:3306
 Source Schema         : bs_database

 Target Server Type    : MySQL
 Target Server Version : 80032
 File Encoding         : 65001

 Date: 04/01/2024 16:18:15
*/

SET NAMES utf8mb4;
SET FOREIGN_KEY_CHECKS = 0;

-- ----------------------------
-- Table structure for device
-- ----------------------------
DROP TABLE IF EXISTS `device`;
CREATE TABLE `device`  (
  `device_id` varchar(36) CHARACTER SET utf8mb4 COLLATE utf8mb4_0900_ai_ci NOT NULL,
  `user_id` int NOT NULL,
  `device_name` varchar(255) CHARACTER SET utf8mb4 COLLATE utf8mb4_0900_ai_ci NOT NULL,
  `device_type` int NOT NULL,
  `device_description` varchar(255) CHARACTER SET utf8mb4 COLLATE utf8mb4_0900_ai_ci NOT NULL,
  `registration_time` datetime NOT NULL,
  `last_update` datetime NOT NULL,
  `is_active` tinyint(1) NOT NULL,
  PRIMARY KEY (`device_id`) USING BTREE,
  INDEX `user_id`(`user_id` ASC) USING BTREE,
  INDEX `device_id`(`device_id` ASC) USING BTREE,
  CONSTRAINT `device_ibfk_1` FOREIGN KEY (`user_id`) REFERENCES `user` (`id`) ON DELETE RESTRICT ON UPDATE RESTRICT
) ENGINE = InnoDB CHARACTER SET = utf8mb4 COLLATE = utf8mb4_0900_ai_ci ROW_FORMAT = Dynamic;

-- ----------------------------
-- Records of device
-- ----------------------------
INSERT INTO `device` VALUES ('1418d637-9dc2-11ee-94cc-00155de14c58', 2, 'TEST2', 5, 'MMMM', '2023-12-20 00:25:22', '2023-12-25 00:25:22', 1);
INSERT INTO `device` VALUES ('1afb7a9b-9dc2-11ee-94cc-00155de14c58', 2, '123', 4, '321', '2023-12-21 00:25:40', '2023-12-26 00:25:40', 0);
INSERT INTO `device` VALUES ('203c4c9b-a683-11ee-9019-005056c00001', 13, '测试离线设备', 6, '离线设备测试', '2023-12-30 03:47:13', '2023-12-30 03:47:13', 0);
INSERT INTO `device` VALUES ('28f1f1e9-a4e4-11ee-9019-005056c00001', 10, 'device0001', 2, '系统自动新增的设备', '2023-12-28 02:17:14', '2023-12-30 08:15:49', 1);
INSERT INTO `device` VALUES ('28f32481-a4e4-11ee-9019-005056c00001', 10, 'device0002', 3, '系统自动新增的设备', '2023-12-28 02:17:14', '2023-12-28 02:17:14', 1);
INSERT INTO `device` VALUES ('28f3f4fa-a4e4-11ee-9019-005056c00001', 10, 'device0003', 3, '系统自动新增的设备', '2023-12-28 02:17:14', '2023-12-28 02:17:14', 1);
INSERT INTO `device` VALUES ('28f4850b-a4e4-11ee-9019-005056c00001', 10, 'device0004', 1, '系统自动新增的设备', '2023-12-28 02:17:14', '2023-12-28 02:17:14', 1);
INSERT INTO `device` VALUES ('28f5314a-a4e4-11ee-9019-005056c00001', 10, 'device0005', 5, '系统自动新增的设备', '2023-12-28 02:17:14', '2023-12-28 02:17:14', 1);
INSERT INTO `device` VALUES ('29d0f96b-9dc2-11ee-94cc-00155de14c58', 2, 'TESTADD', 4, 'TESTADD', '2023-12-22 00:25:58', '2023-12-26 00:25:58', 0);
INSERT INTO `device` VALUES ('3cbba32c-9dc2-11ee-94cc-00155de14c58', 2, 'ADDTEST', 6, 'QWE', '2023-12-23 00:26:17', '2023-12-25 01:48:34', 1);
INSERT INTO `device` VALUES ('4a02d314-aa4b-11ee-9019-005056c00001', 10, 'TEST', 5, '新增的测试设备', '2024-01-03 23:17:46', '2024-01-03 23:17:46', 0);
INSERT INTO `device` VALUES ('7594bea1-a67c-11ee-9019-005056c00001', 13, 'device0001', 5, '系统自动新增的设备', '2023-12-30 02:59:57', '2023-12-30 02:59:57', 1);
INSERT INTO `device` VALUES ('759563e6-a67c-11ee-9019-005056c00001', 13, 'device0002', 3, '系统自动新增的设备', '2023-12-30 02:59:57', '2023-12-30 02:59:57', 1);
INSERT INTO `device` VALUES ('7595ef4f-a67c-11ee-9019-005056c00001', 13, 'device0003', 2, '系统自动新增的设备', '2023-12-30 02:59:57', '2023-12-30 02:59:57', 1);
INSERT INTO `device` VALUES ('75965d0f-a67c-11ee-9019-005056c00001', 13, 'device0004', 4, '系统自动新增的设备', '2023-12-30 02:59:57', '2023-12-30 02:59:57', 1);
INSERT INTO `device` VALUES ('7596f241-a67c-11ee-9019-005056c00001', 13, 'device0005', 4, '系统自动新增的设备', '2023-12-30 02:59:57', '2023-12-30 02:59:57', 1);
INSERT INTO `device` VALUES ('7bdcdc88-9cdb-11ee-94cc-00155de14c58', 3, 'Other Device', 6, '其它设备', '2023-12-17 20:24:39', '2023-12-17 20:24:39', 0);
INSERT INTO `device` VALUES ('8114ffa3-9dc1-11ee-94cc-00155de14c58', 2, 'testAdd', 5, '测试前端增加设备', '2023-12-24 00:21:06', '2023-12-25 00:21:06', 0);
INSERT INTO `device` VALUES ('a4f4f4f1-a383-11ee-9019-005056c00001', 2, '12/26-1', 1, '12-26测试', '2023-12-26 08:13:19', '2023-12-26 08:13:19', 1);
INSERT INTO `device` VALUES ('b0bfae8d-9dc1-11ee-94cc-00155de14c58', 2, 'add1', 3, '增加多条数据测试分页功能', '2023-12-25 00:22:25', '2023-12-26 00:22:25', 1);
INSERT INTO `device` VALUES ('b140d574-a383-11ee-9019-005056c00001', 2, '12/26-2', 3, '12/26 测试用途', '2023-12-22 08:13:51', '2023-12-26 08:13:51', 1);
INSERT INTO `device` VALUES ('bae73312-a383-11ee-9019-005056c00001', 2, '12/26-3', 5, 'test', '2023-12-24 08:14:12', '2023-12-26 08:14:12', 0);
INSERT INTO `device` VALUES ('c50db2bf-a383-11ee-9019-005056c00001', 2, '12/26-4', 2, 'test', '2023-12-26 08:14:28', '2023-12-26 08:14:28', 0);
INSERT INTO `device` VALUES ('cd96b57d-a683-11ee-9019-005056c00001', 13, 'deviceTest', 6, '测试编辑功能', '2023-12-30 03:49:56', '2023-12-30 03:59:35', 0);
INSERT INTO `device` VALUES ('D123456', 2, 'SmartHomeDevice', 1, 'Smart home device description', '2023-12-21 10:00:00', '2023-12-22 10:00:00', 1);
INSERT INTO `device` VALUES ('D345678', 3, 'CarDevice', 3, 'Car device description', '2023-12-17 12:00:00', '2023-12-17 12:00:00', 1);
INSERT INTO `device` VALUES ('D789012', 2, 'Test Other Device', 2, 'Test Update', '2023-12-17 11:00:00', '2023-12-17 21:26:49', 1);
INSERT INTO `device` VALUES ('dc2db20f-9dc1-11ee-94cc-00155de14c58', 2, 'ADD', 1, 'ADD MORE', '2023-12-25 00:23:51', '2023-12-26 00:23:51', 0);
INSERT INTO `device` VALUES ('e3bb9fde-9dc1-11ee-94cc-00155de14c58', 2, 'ADDD', 3, 'MORE', '2023-12-22 00:24:06', '2023-12-23 00:24:06', 0);
INSERT INTO `device` VALUES ('e6e31e51-a6ad-11ee-9019-005056c00001', 10, 'device0006', 2, 'test', '2023-12-30 08:53:36', '2023-12-30 08:53:36', 0);
INSERT INTO `device` VALUES ('f304ed3b-9dc1-11ee-94cc-00155de14c58', 2, 'ADSDSSDA', 3, 'MORE AND MORE', '2023-12-23 00:24:32', '2023-12-23 00:24:32', 1);

-- ----------------------------
-- Table structure for message
-- ----------------------------
DROP TABLE IF EXISTS `message`;
CREATE TABLE `message`  (
  `message_id` int NOT NULL AUTO_INCREMENT,
  `device_id` varchar(36) CHARACTER SET utf8mb4 COLLATE utf8mb4_0900_ai_ci NOT NULL,
  `timestamp` datetime NOT NULL,
  `message_type` int NOT NULL,
  `message_content` varchar(255) CHARACTER SET utf8mb4 COLLATE utf8mb4_0900_ai_ci NOT NULL,
  `latitude` decimal(10, 6) NOT NULL,
  `longitude` decimal(10, 6) NOT NULL,
  `value` int NOT NULL,
  PRIMARY KEY (`message_id`) USING BTREE,
  INDEX `device_id`(`device_id` ASC) USING BTREE,
  CONSTRAINT `message_ibfk_1` FOREIGN KEY (`device_id`) REFERENCES `device` (`device_id`) ON DELETE RESTRICT ON UPDATE RESTRICT
) ENGINE = InnoDB AUTO_INCREMENT = 476 CHARACTER SET = utf8mb4 COLLATE = utf8mb4_0900_ai_ci ROW_FORMAT = Dynamic;

-- ----------------------------
-- Records of message
-- ----------------------------
INSERT INTO `message` VALUES (1, '7bdcdc88-9cdb-11ee-94cc-00155de14c58', '2023-12-17 20:30:00', 0, '正常消息 1', 30.123456, 120.654321, 42);
INSERT INTO `message` VALUES (2, '7bdcdc88-9cdb-11ee-94cc-00155de14c58', '2023-12-17 20:35:00', 0, '正常消息 2', 30.234567, 120.765432, 56);
INSERT INTO `message` VALUES (3, 'D123456', '2023-12-26 20:40:00', 0, '正常消息 3', 31.654321, 121.123456, 78);
INSERT INTO `message` VALUES (4, 'D123456', '2023-12-24 20:45:00', 1, '异常消息 1', 31.765432, 121.234567, 12);
INSERT INTO `message` VALUES (5, 'D345678', '2023-12-20 20:50:00', 0, '正常消息 4', 32.987654, 122.987654, 88);
INSERT INTO `message` VALUES (6, 'D345678', '2023-12-22 20:55:00', 0, '正常消息 5', 32.876543, 122.876543, 92);
INSERT INTO `message` VALUES (7, 'D789012', '2023-12-25 21:00:00', 0, '正常消息 6', 33.111222, 123.222111, 95);
INSERT INTO `message` VALUES (8, 'D789012', '2023-12-23 21:05:00', 1, '异常消息 2', 33.222111, 123.333222, 18);
INSERT INTO `message` VALUES (9, '28f4850b-a4e4-11ee-9019-005056c00001', '2023-12-28 03:10:12', 0, 'Device Data 2023/12/28 03:10:12', 30.490791, 120.127588, 56);
INSERT INTO `message` VALUES (10, '28f1f1e9-a4e4-11ee-9019-005056c00001', '2023-12-28 03:10:14', 0, 'Device Data 2023/12/28 03:10:14', 30.394669, 120.198725, 35);
INSERT INTO `message` VALUES (11, '28f1f1e9-a4e4-11ee-9019-005056c00001', '2023-12-28 03:10:16', 0, 'Device Data 2023/12/28 03:10:16', 30.422711, 120.390492, 33);
INSERT INTO `message` VALUES (12, '28f3f4fa-a4e4-11ee-9019-005056c00001', '2023-12-28 03:10:18', 0, 'Device Data 2023/12/28 03:10:18', 30.256324, 120.196975, 49);
INSERT INTO `message` VALUES (13, '28f32481-a4e4-11ee-9019-005056c00001', '2023-12-28 03:10:18', 0, 'Device Data 2023/12/28 03:10:18', 30.130746, 120.082382, 15);
INSERT INTO `message` VALUES (14, '28f5314a-a4e4-11ee-9019-005056c00001', '2023-12-28 03:10:18', 0, 'Device Data 2023/12/28 03:10:18', 30.246955, 120.394888, 47);
INSERT INTO `message` VALUES (15, '28f1f1e9-a4e4-11ee-9019-005056c00001', '2023-12-28 03:10:21', 1, 'Device Data 2023/12/28 03:10:21', 30.176168, 120.039109, 87);
INSERT INTO `message` VALUES (16, '28f4850b-a4e4-11ee-9019-005056c00001', '2023-12-28 03:10:22', 0, 'Device Data 2023/12/28 03:10:21', 30.362679, 120.327978, 44);
INSERT INTO `message` VALUES (17, '28f4850b-a4e4-11ee-9019-005056c00001', '2023-12-28 03:10:23', 0, 'Device Data 2023/12/28 03:10:22', 30.203850, 120.344383, 21);
INSERT INTO `message` VALUES (18, '28f32481-a4e4-11ee-9019-005056c00001', '2023-12-28 03:10:23', 0, 'Device Data 2023/12/28 03:10:23', 30.457969, 120.383263, 47);
INSERT INTO `message` VALUES (19, '28f3f4fa-a4e4-11ee-9019-005056c00001', '2023-12-28 03:10:25', 0, 'Device Data 2023/12/28 03:10:25', 30.462016, 120.301291, 80);
INSERT INTO `message` VALUES (20, '28f3f4fa-a4e4-11ee-9019-005056c00001', '2023-12-28 03:10:26', 0, 'Device Data 2023/12/28 03:10:26', 30.378117, 120.450079, 58);
INSERT INTO `message` VALUES (21, '28f3f4fa-a4e4-11ee-9019-005056c00001', '2023-12-28 03:10:26', 0, 'Device Data 2023/12/28 03:10:26', 30.367176, 120.027563, 6);
INSERT INTO `message` VALUES (22, '28f4850b-a4e4-11ee-9019-005056c00001', '2023-12-28 03:10:27', 0, 'Device Data 2023/12/28 03:10:26', 30.188244, 120.127933, 38);
INSERT INTO `message` VALUES (23, '28f1f1e9-a4e4-11ee-9019-005056c00001', '2023-12-28 03:10:27', 0, 'Device Data 2023/12/28 03:10:27', 30.431399, 120.133323, 43);
INSERT INTO `message` VALUES (24, '28f5314a-a4e4-11ee-9019-005056c00001', '2023-12-28 03:10:27', 0, 'Device Data 2023/12/28 03:10:27', 30.257327, 120.487518, 24);
INSERT INTO `message` VALUES (25, '28f3f4fa-a4e4-11ee-9019-005056c00001', '2023-12-28 03:10:29', 0, 'Device Data 2023/12/28 03:10:29', 30.180775, 119.920423, 43);
INSERT INTO `message` VALUES (26, '28f32481-a4e4-11ee-9019-005056c00001', '2023-12-28 03:10:30', 0, 'Device Data 2023/12/28 03:10:30', 30.290302, 120.077878, 78);
INSERT INTO `message` VALUES (27, '28f3f4fa-a4e4-11ee-9019-005056c00001', '2023-12-28 03:10:32', 0, 'Device Data 2023/12/28 03:10:32', 30.103300, 120.157336, 65);
INSERT INTO `message` VALUES (28, '28f4850b-a4e4-11ee-9019-005056c00001', '2023-12-28 03:10:33', 0, 'Device Data 2023/12/28 03:10:32', 30.258188, 120.081537, 12);
INSERT INTO `message` VALUES (29, '28f32481-a4e4-11ee-9019-005056c00001', '2023-12-28 03:10:33', 0, 'Device Data 2023/12/28 03:10:33', 30.211069, 119.975691, 35);
INSERT INTO `message` VALUES (30, '28f1f1e9-a4e4-11ee-9019-005056c00001', '2023-12-28 03:10:33', 0, 'Device Data 2023/12/28 03:10:33', 30.216052, 120.321833, 69);
INSERT INTO `message` VALUES (31, '28f1f1e9-a4e4-11ee-9019-005056c00001', '2023-12-28 03:10:33', 0, 'Device Data 2023/12/28 03:10:33', 30.204992, 120.360642, 71);
INSERT INTO `message` VALUES (32, '28f1f1e9-a4e4-11ee-9019-005056c00001', '2023-12-28 03:10:35', 0, 'Device Data 2023/12/28 03:10:35', 30.383436, 120.212467, 20);
INSERT INTO `message` VALUES (33, '28f5314a-a4e4-11ee-9019-005056c00001', '2023-12-28 03:10:36', 0, 'Device Data 2023/12/28 03:10:36', 30.255041, 120.318249, 76);
INSERT INTO `message` VALUES (34, '28f4850b-a4e4-11ee-9019-005056c00001', '2023-12-28 03:10:37', 0, 'Device Data 2023/12/28 03:10:36', 30.340359, 120.258270, 68);
INSERT INTO `message` VALUES (35, '28f1f1e9-a4e4-11ee-9019-005056c00001', '2023-12-28 03:10:37', 0, 'Device Data 2023/12/28 03:10:37', 30.200499, 120.297483, 64);
INSERT INTO `message` VALUES (36, '28f3f4fa-a4e4-11ee-9019-005056c00001', '2023-12-28 03:10:41', 0, 'Device Data 2023/12/28 03:10:41', 30.141025, 120.426452, 42);
INSERT INTO `message` VALUES (37, '28f32481-a4e4-11ee-9019-005056c00001', '2023-12-28 03:10:42', 0, 'Device Data 2023/12/28 03:10:42', 30.124614, 120.304117, 10);
INSERT INTO `message` VALUES (38, '28f4850b-a4e4-11ee-9019-005056c00001', '2023-12-28 03:10:43', 0, 'Device Data 2023/12/28 03:10:42', 30.326203, 120.479561, 2);
INSERT INTO `message` VALUES (39, '28f5314a-a4e4-11ee-9019-005056c00001', '2023-12-28 03:10:45', 0, 'Device Data 2023/12/28 03:10:45', 30.286497, 120.360264, 45);
INSERT INTO `message` VALUES (40, '28f3f4fa-a4e4-11ee-9019-005056c00001', '2023-12-28 03:10:45', 0, 'Device Data 2023/12/28 03:10:45', 30.441236, 120.094451, 13);
INSERT INTO `message` VALUES (41, '28f5314a-a4e4-11ee-9019-005056c00001', '2023-12-28 03:10:46', 1, 'Device Data 2023/12/28 03:10:46', 30.278117, 120.286009, 97);
INSERT INTO `message` VALUES (42, '28f1f1e9-a4e4-11ee-9019-005056c00001', '2023-12-28 03:10:46', 0, 'Device Data 2023/12/28 03:10:46', 30.406585, 120.009683, 26);
INSERT INTO `message` VALUES (43, '28f1f1e9-a4e4-11ee-9019-005056c00001', '2023-12-28 03:10:46', 0, 'Device Data 2023/12/28 03:10:46', 30.258466, 120.161526, 22);
INSERT INTO `message` VALUES (44, '28f5314a-a4e4-11ee-9019-005056c00001', '2023-12-28 03:10:47', 0, 'Device Data 2023/12/28 03:10:47', 30.380387, 119.916236, 60);
INSERT INTO `message` VALUES (45, '28f32481-a4e4-11ee-9019-005056c00001', '2023-12-28 03:10:48', 0, 'Device Data 2023/12/28 03:10:48', 30.209733, 120.364477, 75);
INSERT INTO `message` VALUES (46, '28f3f4fa-a4e4-11ee-9019-005056c00001', '2023-12-28 03:10:48', 0, 'Device Data 2023/12/28 03:10:48', 30.480380, 120.359389, 41);
INSERT INTO `message` VALUES (47, '28f4850b-a4e4-11ee-9019-005056c00001', '2023-12-28 03:10:51', 0, 'Device Data 2023/12/28 03:10:50', 30.208270, 119.967234, 17);
INSERT INTO `message` VALUES (48, '28f1f1e9-a4e4-11ee-9019-005056c00001', '2023-12-28 03:10:51', 0, 'Device Data 2023/12/28 03:10:51', 30.114948, 119.925986, 23);
INSERT INTO `message` VALUES (49, '28f1f1e9-a4e4-11ee-9019-005056c00001', '2023-12-28 03:10:51', 0, 'Device Data 2023/12/28 03:10:51', 30.372561, 120.315171, 7);
INSERT INTO `message` VALUES (50, '28f1f1e9-a4e4-11ee-9019-005056c00001', '2023-12-28 03:10:52', 0, 'Device Data 2023/12/28 03:10:52', 30.416037, 120.410351, 25);
INSERT INTO `message` VALUES (51, '28f3f4fa-a4e4-11ee-9019-005056c00001', '2023-12-28 03:10:53', 0, 'Device Data 2023/12/28 03:10:53', 30.350931, 120.007381, 43);
INSERT INTO `message` VALUES (52, '28f4850b-a4e4-11ee-9019-005056c00001', '2023-12-28 03:10:54', 0, 'Device Data 2023/12/28 03:10:53', 30.134245, 120.254563, 47);
INSERT INTO `message` VALUES (53, '28f5314a-a4e4-11ee-9019-005056c00001', '2023-12-28 03:10:55', 0, 'Device Data 2023/12/28 03:10:55', 30.268624, 120.066074, 16);
INSERT INTO `message` VALUES (54, '28f3f4fa-a4e4-11ee-9019-005056c00001', '2023-12-28 03:10:55', 0, 'Device Data 2023/12/28 03:10:55', 30.352120, 120.362700, 30);
INSERT INTO `message` VALUES (55, '28f4850b-a4e4-11ee-9019-005056c00001', '2023-12-28 03:10:56', 0, 'Device Data 2023/12/28 03:10:55', 30.491231, 120.360962, 8);
INSERT INTO `message` VALUES (56, '28f32481-a4e4-11ee-9019-005056c00001', '2023-12-28 03:10:57', 0, 'Device Data 2023/12/28 03:10:57', 30.164143, 119.957465, 62);
INSERT INTO `message` VALUES (57, '28f5314a-a4e4-11ee-9019-005056c00001', '2023-12-28 03:10:57', 0, 'Device Data 2023/12/28 03:10:57', 30.349958, 120.140762, 18);
INSERT INTO `message` VALUES (58, '28f1f1e9-a4e4-11ee-9019-005056c00001', '2023-12-28 03:10:59', 0, 'Device Data 2023/12/28 03:10:58', 30.286200, 120.322166, 0);
INSERT INTO `message` VALUES (59, '28f4850b-a4e4-11ee-9019-005056c00001', '2023-12-28 03:10:59', 0, 'Device Data 2023/12/28 03:10:58', 30.393847, 119.954905, 17);
INSERT INTO `message` VALUES (60, '28f32481-a4e4-11ee-9019-005056c00001', '2023-12-28 03:11:04', 0, 'Device Data 2023/12/28 03:11:04', 30.103823, 120.302018, 57);
INSERT INTO `message` VALUES (61, '28f3f4fa-a4e4-11ee-9019-005056c00001', '2023-12-28 03:11:04', 1, 'Device Data 2023/12/28 03:11:04', 30.275718, 120.050750, 94);
INSERT INTO `message` VALUES (62, '28f4850b-a4e4-11ee-9019-005056c00001', '2023-12-28 03:11:05', 0, 'Device Data 2023/12/28 03:11:04', 30.182241, 120.209098, 73);
INSERT INTO `message` VALUES (63, '28f5314a-a4e4-11ee-9019-005056c00001', '2023-12-28 03:11:05', 1, 'Device Data 2023/12/28 03:11:05', 30.432004, 120.300119, 85);
INSERT INTO `message` VALUES (64, '28f3f4fa-a4e4-11ee-9019-005056c00001', '2023-12-28 03:11:07', 0, 'Device Data 2023/12/28 03:11:06', 30.355030, 120.220835, 28);
INSERT INTO `message` VALUES (65, '28f1f1e9-a4e4-11ee-9019-005056c00001', '2023-12-28 03:11:08', 0, 'Device Data 2023/12/28 03:11:07', 30.346184, 120.347524, 31);
INSERT INTO `message` VALUES (66, '28f3f4fa-a4e4-11ee-9019-005056c00001', '2023-12-28 03:11:11', 0, 'Device Data 2023/12/28 03:11:10', 30.378163, 120.281592, 37);
INSERT INTO `message` VALUES (67, '28f5314a-a4e4-11ee-9019-005056c00001', '2023-12-28 03:11:12', 0, 'Device Data 2023/12/28 03:11:11', 30.178181, 120.150388, 62);
INSERT INTO `message` VALUES (68, '28f1f1e9-a4e4-11ee-9019-005056c00001', '2023-12-28 03:11:13', 0, 'Device Data 2023/12/28 03:11:12', 30.193089, 119.936898, 20);
INSERT INTO `message` VALUES (69, '28f4850b-a4e4-11ee-9019-005056c00001', '2023-12-28 03:11:13', 0, 'Device Data 2023/12/28 03:11:12', 30.176887, 120.235044, 74);
INSERT INTO `message` VALUES (70, '28f32481-a4e4-11ee-9019-005056c00001', '2023-12-28 03:11:13', 0, 'Device Data 2023/12/28 03:11:13', 30.136676, 119.929408, 63);
INSERT INTO `message` VALUES (71, '28f32481-a4e4-11ee-9019-005056c00001', '2023-12-28 03:11:16', 0, 'Device Data 2023/12/28 03:11:15', 30.430357, 119.958433, 67);
INSERT INTO `message` VALUES (72, '28f3f4fa-a4e4-11ee-9019-005056c00001', '2023-12-28 03:11:18', 0, 'Device Data 2023/12/28 03:11:17', 30.338863, 120.407420, 0);
INSERT INTO `message` VALUES (73, '28f1f1e9-a4e4-11ee-9019-005056c00001', '2023-12-28 03:11:20', 0, 'Device Data 2023/12/28 03:11:19', 30.217665, 120.087803, 55);
INSERT INTO `message` VALUES (74, '28f4850b-a4e4-11ee-9019-005056c00001', '2023-12-28 03:11:20', 0, 'Device Data 2023/12/28 03:11:19', 30.295059, 120.423172, 39);
INSERT INTO `message` VALUES (75, '28f5314a-a4e4-11ee-9019-005056c00001', '2023-12-28 03:11:21', 1, 'Device Data 2023/12/28 03:11:20', 30.317987, 120.321356, 85);
INSERT INTO `message` VALUES (76, '28f32481-a4e4-11ee-9019-005056c00001', '2023-12-28 03:11:24', 1, 'Device Data 2023/12/28 03:11:23', 30.348720, 120.233771, 83);
INSERT INTO `message` VALUES (77, '28f32481-a4e4-11ee-9019-005056c00001', '2023-12-28 03:11:24', 0, 'Device Data 2023/12/28 03:11:23', 30.448928, 120.137697, 27);
INSERT INTO `message` VALUES (78, '28f5314a-a4e4-11ee-9019-005056c00001', '2023-12-28 03:11:24', 0, 'Device Data 2023/12/28 03:11:23', 30.478234, 120.237588, 77);
INSERT INTO `message` VALUES (79, '28f32481-a4e4-11ee-9019-005056c00001', '2023-12-28 03:11:27', 0, 'Device Data 2023/12/28 03:11:26', 30.104850, 120.061105, 64);
INSERT INTO `message` VALUES (80, '28f1f1e9-a4e4-11ee-9019-005056c00001', '2023-12-28 03:11:27', 0, 'Device Data 2023/12/28 03:11:26', 30.473654, 120.118385, 0);
INSERT INTO `message` VALUES (81, '28f3f4fa-a4e4-11ee-9019-005056c00001', '2023-12-28 03:11:27', 0, 'Device Data 2023/12/28 03:11:26', 30.312755, 119.979689, 6);
INSERT INTO `message` VALUES (82, '28f4850b-a4e4-11ee-9019-005056c00001', '2023-12-28 03:11:29', 0, 'Device Data 2023/12/28 03:11:28', 30.290964, 120.320710, 2);
INSERT INTO `message` VALUES (83, '28f5314a-a4e4-11ee-9019-005056c00001', '2023-12-28 03:11:30', 0, 'Device Data 2023/12/28 03:11:29', 30.160654, 120.295491, 68);
INSERT INTO `message` VALUES (84, '28f1f1e9-a4e4-11ee-9019-005056c00001', '2023-12-28 03:11:34', 0, 'Device Data 2023/12/28 03:11:33', 30.115018, 120.440483, 67);
INSERT INTO `message` VALUES (85, '28f5314a-a4e4-11ee-9019-005056c00001', '2023-12-28 03:11:35', 0, 'Device Data 2023/12/28 03:11:34', 30.129951, 120.350073, 22);
INSERT INTO `message` VALUES (86, '28f1f1e9-a4e4-11ee-9019-005056c00001', '2023-12-28 03:11:35', 1, 'Device Data 2023/12/28 03:11:34', 30.209522, 119.929445, 92);
INSERT INTO `message` VALUES (87, '28f32481-a4e4-11ee-9019-005056c00001', '2023-12-28 03:11:36', 0, 'Device Data 2023/12/28 03:11:35', 30.340475, 119.946641, 55);
INSERT INTO `message` VALUES (88, '28f3f4fa-a4e4-11ee-9019-005056c00001', '2023-12-28 03:11:36', 0, 'Device Data 2023/12/28 03:11:35', 30.389816, 120.204293, 3);
INSERT INTO `message` VALUES (89, '28f4850b-a4e4-11ee-9019-005056c00001', '2023-12-28 03:11:37', 0, 'Device Data 2023/12/28 03:11:36', 30.218579, 120.340059, 25);
INSERT INTO `message` VALUES (90, '28f32481-a4e4-11ee-9019-005056c00001', '2023-12-28 03:11:39', 1, 'Device Data 2023/12/28 03:11:38', 30.228311, 120.137246, 81);
INSERT INTO `message` VALUES (91, '28f32481-a4e4-11ee-9019-005056c00001', '2023-12-28 03:11:41', 0, 'Device Data 2023/12/28 03:11:40', 30.473248, 120.068190, 1);
INSERT INTO `message` VALUES (92, '28f3f4fa-a4e4-11ee-9019-005056c00001', '2023-12-28 03:11:42', 0, 'Device Data 2023/12/28 03:11:41', 30.131443, 119.917765, 54);
INSERT INTO `message` VALUES (93, '28f4850b-a4e4-11ee-9019-005056c00001', '2023-12-28 03:11:42', 1, 'Device Data 2023/12/28 03:11:41', 30.259078, 119.980127, 90);
INSERT INTO `message` VALUES (94, '28f1f1e9-a4e4-11ee-9019-005056c00001', '2023-12-28 03:11:43', 1, 'Device Data 2023/12/28 03:11:42', 30.416690, 119.956905, 94);
INSERT INTO `message` VALUES (95, '28f5314a-a4e4-11ee-9019-005056c00001', '2023-12-28 03:11:43', 0, 'Device Data 2023/12/28 03:11:42', 30.257933, 120.439892, 67);
INSERT INTO `message` VALUES (96, '28f32481-a4e4-11ee-9019-005056c00001', '2023-12-28 03:11:45', 0, 'Device Data 2023/12/28 03:11:44', 30.468272, 120.093714, 23);
INSERT INTO `message` VALUES (97, '28f5314a-a4e4-11ee-9019-005056c00001', '2023-12-28 03:11:45', 0, 'Device Data 2023/12/28 03:11:44', 30.350066, 120.378375, 11);
INSERT INTO `message` VALUES (98, '28f32481-a4e4-11ee-9019-005056c00001', '2023-12-28 03:11:48', 1, 'Device Data 2023/12/28 03:11:47', 30.304585, 120.484136, 90);
INSERT INTO `message` VALUES (99, '28f3f4fa-a4e4-11ee-9019-005056c00001', '2023-12-28 03:11:48', 0, 'Device Data 2023/12/28 03:11:47', 30.437223, 120.344266, 31);
INSERT INTO `message` VALUES (100, '28f4850b-a4e4-11ee-9019-005056c00001', '2023-12-28 03:11:50', 0, 'Device Data 2023/12/28 03:11:49', 30.284655, 120.401489, 11);
INSERT INTO `message` VALUES (101, '28f4850b-a4e4-11ee-9019-005056c00001', '2023-12-28 03:11:51', 1, 'Device Data 2023/12/28 03:11:50', 30.121908, 120.012128, 95);
INSERT INTO `message` VALUES (102, '28f1f1e9-a4e4-11ee-9019-005056c00001', '2023-12-28 03:11:52', 0, 'Device Data 2023/12/28 03:11:51', 30.155007, 120.374651, 31);
INSERT INTO `message` VALUES (103, '28f5314a-a4e4-11ee-9019-005056c00001', '2023-12-28 03:11:52', 0, 'Device Data 2023/12/28 03:11:51', 30.414939, 120.441092, 64);
INSERT INTO `message` VALUES (104, '28f5314a-a4e4-11ee-9019-005056c00001', '2023-12-28 03:11:53', 0, 'Device Data 2023/12/28 03:11:52', 30.170807, 120.204817, 27);
INSERT INTO `message` VALUES (105, '28f5314a-a4e4-11ee-9019-005056c00001', '2023-12-28 03:21:00', 0, 'Device Data 2023/12/28 03:20:59', 30.473904, 120.398247, 42);
INSERT INTO `message` VALUES (106, '28f1f1e9-a4e4-11ee-9019-005056c00001', '2023-12-28 03:21:07', 0, 'Device Data 2023/12/28 03:21:06', 30.214351, 120.491264, 63);
INSERT INTO `message` VALUES (107, '28f3f4fa-a4e4-11ee-9019-005056c00001', '2023-12-28 03:21:11', 0, 'Device Data 2023/12/28 03:21:10', 30.279347, 119.959041, 18);
INSERT INTO `message` VALUES (108, '28f32481-a4e4-11ee-9019-005056c00001', '2023-12-28 03:21:15', 0, 'Device Data 2023/12/28 03:21:14', 30.408887, 119.967777, 74);
INSERT INTO `message` VALUES (109, '28f4850b-a4e4-11ee-9019-005056c00001', '2023-12-28 03:21:17', 0, 'Device Data 2023/12/28 03:21:16', 30.269090, 120.052710, 48);
INSERT INTO `message` VALUES (110, '28f1f1e9-a4e4-11ee-9019-005056c00001', '2023-12-28 03:21:27', 0, 'Device Data 2023/12/28 03:21:26', 30.361818, 120.244686, 23);
INSERT INTO `message` VALUES (111, '28f5314a-a4e4-11ee-9019-005056c00001', '2023-12-28 03:21:32', 0, 'Device Data 2023/12/28 03:21:31', 30.349226, 119.922964, 4);
INSERT INTO `message` VALUES (112, '28f3f4fa-a4e4-11ee-9019-005056c00001', '2023-12-28 03:21:34', 0, 'Device Data 2023/12/28 03:21:33', 30.332582, 120.238698, 69);
INSERT INTO `message` VALUES (113, '28f32481-a4e4-11ee-9019-005056c00001', '2023-12-28 03:21:40', 0, 'Device Data 2023/12/28 03:21:39', 30.340572, 119.989579, 50);
INSERT INTO `message` VALUES (114, '28f1f1e9-a4e4-11ee-9019-005056c00001', '2023-12-28 03:21:46', 0, 'Device Data 2023/12/28 03:21:45', 30.185372, 120.068353, 45);
INSERT INTO `message` VALUES (115, '28f4850b-a4e4-11ee-9019-005056c00001', '2023-12-28 03:21:49', 0, 'Device Data 2023/12/28 03:21:48', 30.128303, 119.960761, 75);
INSERT INTO `message` VALUES (116, '28f3f4fa-a4e4-11ee-9019-005056c00001', '2023-12-28 03:21:52', 0, 'Device Data 2023/12/28 03:21:51', 30.348031, 120.415911, 21);
INSERT INTO `message` VALUES (117, '28f32481-a4e4-11ee-9019-005056c00001', '2023-12-28 03:21:57', 0, 'Device Data 2023/12/28 03:21:56', 30.160646, 120.200616, 49);
INSERT INTO `message` VALUES (118, '28f5314a-a4e4-11ee-9019-005056c00001', '2023-12-28 03:22:00', 1, 'Device Data 2023/12/28 03:21:59', 30.116788, 120.059564, 98);
INSERT INTO `message` VALUES (119, '28f32481-a4e4-11ee-9019-005056c00001', '2023-12-28 03:22:13', 0, 'Device Data 2023/12/28 03:22:12', 30.402317, 120.286777, 43);
INSERT INTO `message` VALUES (120, '28f4850b-a4e4-11ee-9019-005056c00001', '2023-12-28 03:22:21', 0, 'Device Data 2023/12/28 03:22:20', 30.217040, 119.952592, 26);
INSERT INTO `message` VALUES (121, '28f3f4fa-a4e4-11ee-9019-005056c00001', '2023-12-28 03:22:21', 0, 'Device Data 2023/12/28 03:22:20', 30.451475, 120.033423, 54);
INSERT INTO `message` VALUES (122, '28f5314a-a4e4-11ee-9019-005056c00001', '2023-12-28 03:22:22', 0, 'Device Data 2023/12/28 03:22:21', 30.390693, 120.189496, 11);
INSERT INTO `message` VALUES (123, '28f32481-a4e4-11ee-9019-005056c00001', '2023-12-28 03:56:56', 0, 'Device Data 2023/12/28 03:56:55', 30.153818, 120.474909, 59);
INSERT INTO `message` VALUES (124, '28f5314a-a4e4-11ee-9019-005056c00001', '2023-12-28 03:57:12', 0, 'Device Data 2023/12/28 03:57:11', 30.213547, 120.365521, 66);
INSERT INTO `message` VALUES (125, '28f3f4fa-a4e4-11ee-9019-005056c00001', '2023-12-28 03:57:15', 0, 'Device Data 2023/12/28 03:57:14', 30.190370, 120.128846, 56);
INSERT INTO `message` VALUES (126, '28f1f1e9-a4e4-11ee-9019-005056c00001', '2023-12-28 03:57:21', 1, 'Device Data 2023/12/28 03:57:20', 30.365325, 120.211683, 81);
INSERT INTO `message` VALUES (127, '28f4850b-a4e4-11ee-9019-005056c00001', '2023-12-28 03:57:21', 0, 'Device Data 2023/12/28 03:57:20', 30.111112, 120.218167, 50);
INSERT INTO `message` VALUES (128, '28f32481-a4e4-11ee-9019-005056c00001', '2023-12-28 03:57:32', 0, 'Device Data 2023/12/28 03:57:32', 30.275128, 119.904657, 16);
INSERT INTO `message` VALUES (129, '28f5314a-a4e4-11ee-9019-005056c00001', '2023-12-28 03:57:36', 0, 'Device Data 2023/12/28 03:57:35', 30.421511, 120.373262, 68);
INSERT INTO `message` VALUES (130, '28f3f4fa-a4e4-11ee-9019-005056c00001', '2023-12-28 03:57:38', 0, 'Device Data 2023/12/28 03:57:37', 30.110775, 120.160629, 66);
INSERT INTO `message` VALUES (131, '28f1f1e9-a4e4-11ee-9019-005056c00001', '2023-12-28 03:57:51', 0, 'Device Data 2023/12/28 03:57:50', 30.206241, 120.011375, 27);
INSERT INTO `message` VALUES (132, '28f4850b-a4e4-11ee-9019-005056c00001', '2023-12-28 03:57:53', 1, 'Device Data 2023/12/28 03:57:52', 30.366040, 120.210084, 98);
INSERT INTO `message` VALUES (133, '28f5314a-a4e4-11ee-9019-005056c00001', '2023-12-28 03:58:04', 0, 'Device Data 2023/12/28 03:58:03', 30.373470, 120.483524, 42);
INSERT INTO `message` VALUES (134, '28f32481-a4e4-11ee-9019-005056c00001', '2023-12-28 03:58:05', 0, 'Device Data 2023/12/28 03:58:05', 30.260654, 120.224212, 3);
INSERT INTO `message` VALUES (135, '28f3f4fa-a4e4-11ee-9019-005056c00001', '2023-12-28 03:58:11', 0, 'Device Data 2023/12/28 03:58:10', 30.197910, 120.460856, 39);
INSERT INTO `message` VALUES (136, '28f4850b-a4e4-11ee-9019-005056c00001', '2023-12-28 03:58:25', 1, 'Device Data 2023/12/28 03:58:24', 30.379858, 120.021630, 89);
INSERT INTO `message` VALUES (137, '28f1f1e9-a4e4-11ee-9019-005056c00001', '2023-12-28 03:58:27', 0, 'Device Data 2023/12/28 03:58:26', 30.113673, 120.192701, 77);
INSERT INTO `message` VALUES (138, '28f5314a-a4e4-11ee-9019-005056c00001', '2023-12-28 03:58:27', 1, 'Device Data 2023/12/28 03:58:26', 30.438630, 120.005861, 98);
INSERT INTO `message` VALUES (139, '28f3f4fa-a4e4-11ee-9019-005056c00001', '2023-12-28 03:58:34', 0, 'Device Data 2023/12/28 03:58:33', 30.180908, 120.103635, 57);
INSERT INTO `message` VALUES (140, '28f32481-a4e4-11ee-9019-005056c00001', '2023-12-28 03:58:49', 0, 'Device Data 2023/12/28 03:58:49', 30.411265, 120.129002, 36);
INSERT INTO `message` VALUES (141, '28f5314a-a4e4-11ee-9019-005056c00001', '2023-12-28 03:58:53', 1, 'Device Data 2023/12/28 03:58:52', 30.395256, 119.957634, 95);
INSERT INTO `message` VALUES (142, '28f1f1e9-a4e4-11ee-9019-005056c00001', '2023-12-28 03:58:58', 0, 'Device Data 2023/12/28 03:58:57', 30.327025, 120.110355, 68);
INSERT INTO `message` VALUES (143, '28f3f4fa-a4e4-11ee-9019-005056c00001', '2023-12-28 03:58:59', 0, 'Device Data 2023/12/28 03:58:58', 30.303990, 120.184318, 44);
INSERT INTO `message` VALUES (144, '28f4850b-a4e4-11ee-9019-005056c00001', '2023-12-28 03:59:05', 0, 'Device Data 2023/12/28 03:59:04', 30.428396, 120.064452, 42);
INSERT INTO `message` VALUES (145, '28f5314a-a4e4-11ee-9019-005056c00001', '2023-12-28 03:59:09', 0, 'Device Data 2023/12/28 03:59:08', 30.205059, 120.020498, 72);
INSERT INTO `message` VALUES (146, '28f1f1e9-a4e4-11ee-9019-005056c00001', '2023-12-28 03:59:14', 0, 'Device Data 2023/12/28 03:59:13', 30.181634, 120.489915, 12);
INSERT INTO `message` VALUES (147, '28f3f4fa-a4e4-11ee-9019-005056c00001', '2023-12-28 03:59:19', 1, 'Device Data 2023/12/28 03:59:18', 30.246478, 120.441320, 85);
INSERT INTO `message` VALUES (148, '28f32481-a4e4-11ee-9019-005056c00001', '2023-12-28 03:59:33', 0, 'Device Data 2023/12/28 03:59:33', 30.257987, 120.242207, 24);
INSERT INTO `message` VALUES (149, '28f4850b-a4e4-11ee-9019-005056c00001', '2023-12-28 03:59:43', 1, 'Device Data 2023/12/28 03:59:42', 30.288091, 120.341051, 84);
INSERT INTO `message` VALUES (150, '28f1f1e9-a4e4-11ee-9019-005056c00001', '2023-12-28 03:59:45', 0, 'Device Data 2023/12/28 03:59:44', 30.377776, 120.245832, 13);
INSERT INTO `message` VALUES (151, '28f5314a-a4e4-11ee-9019-005056c00001', '2023-12-28 03:59:53', 1, 'Device Data 2023/12/28 03:59:52', 30.217401, 120.481091, 89);
INSERT INTO `message` VALUES (152, '28f3f4fa-a4e4-11ee-9019-005056c00001', '2023-12-28 03:59:53', 0, 'Device Data 2023/12/28 03:59:52', 30.474594, 120.352548, 6);
INSERT INTO `message` VALUES (153, '28f32481-a4e4-11ee-9019-005056c00001', '2023-12-28 04:00:01', 0, 'Device Data 2023/12/28 04:00:01', 30.398475, 120.462738, 20);
INSERT INTO `message` VALUES (154, '28f4850b-a4e4-11ee-9019-005056c00001', '2023-12-28 04:00:10', 0, 'Device Data 2023/12/28 04:00:09', 30.187537, 120.243177, 72);
INSERT INTO `message` VALUES (155, '28f3f4fa-a4e4-11ee-9019-005056c00001', '2023-12-28 04:00:10', 0, 'Device Data 2023/12/28 04:00:09', 30.345604, 120.463257, 71);
INSERT INTO `message` VALUES (156, '28f5314a-a4e4-11ee-9019-005056c00001', '2023-12-28 04:00:21', 0, 'Device Data 2023/12/28 04:00:20', 30.354534, 119.990982, 79);
INSERT INTO `message` VALUES (157, '28f1f1e9-a4e4-11ee-9019-005056c00001', '2023-12-28 04:00:28', 0, 'Device Data 2023/12/28 04:00:27', 30.372715, 120.326989, 20);
INSERT INTO `message` VALUES (158, '28f32481-a4e4-11ee-9019-005056c00001', '2023-12-28 04:00:30', 0, 'Device Data 2023/12/28 04:00:30', 30.243753, 120.081094, 69);
INSERT INTO `message` VALUES (159, '28f3f4fa-a4e4-11ee-9019-005056c00001', '2023-12-28 04:00:44', 1, 'Device Data 2023/12/28 04:00:43', 30.332494, 120.098145, 91);
INSERT INTO `message` VALUES (160, '28f4850b-a4e4-11ee-9019-005056c00001', '2023-12-28 04:00:48', 0, 'Device Data 2023/12/28 04:00:47', 30.175802, 120.396127, 67);
INSERT INTO `message` VALUES (161, '28f1f1e9-a4e4-11ee-9019-005056c00001', '2023-12-28 04:00:52', 0, 'Device Data 2023/12/28 04:00:51', 30.250923, 120.220907, 10);
INSERT INTO `message` VALUES (162, '28f5314a-a4e4-11ee-9019-005056c00001', '2023-12-28 04:00:59', 0, 'Device Data 2023/12/28 04:00:58', 30.362368, 120.369992, 36);
INSERT INTO `message` VALUES (163, '28f32481-a4e4-11ee-9019-005056c00001', '2023-12-28 04:01:02', 0, 'Device Data 2023/12/28 04:01:02', 30.416853, 120.437538, 40);
INSERT INTO `message` VALUES (164, '28f1f1e9-a4e4-11ee-9019-005056c00001', '2023-12-28 04:01:08', 0, 'Device Data 2023/12/28 04:01:07', 30.441813, 119.998223, 67);
INSERT INTO `message` VALUES (165, '28f4850b-a4e4-11ee-9019-005056c00001', '2023-12-28 04:01:25', 0, 'Device Data 2023/12/28 04:01:24', 30.294619, 120.379365, 60);
INSERT INTO `message` VALUES (166, '28f5314a-a4e4-11ee-9019-005056c00001', '2023-12-28 04:01:27', 0, 'Device Data 2023/12/28 04:01:26', 30.437462, 120.327174, 62);
INSERT INTO `message` VALUES (167, '28f3f4fa-a4e4-11ee-9019-005056c00001', '2023-12-28 04:01:29', 0, 'Device Data 2023/12/28 04:01:28', 30.191250, 119.949183, 36);
INSERT INTO `message` VALUES (168, '28f32481-a4e4-11ee-9019-005056c00001', '2023-12-28 04:01:36', 0, 'Device Data 2023/12/28 04:01:36', 30.289168, 120.257736, 51);
INSERT INTO `message` VALUES (169, '28f1f1e9-a4e4-11ee-9019-005056c00001', '2023-12-28 04:01:41', 0, 'Device Data 2023/12/28 04:01:40', 30.131153, 120.253428, 11);
INSERT INTO `message` VALUES (170, '28f4850b-a4e4-11ee-9019-005056c00001', '2023-12-28 04:01:48', 0, 'Device Data 2023/12/28 04:01:47', 30.268713, 120.447357, 46);
INSERT INTO `message` VALUES (171, '28f3f4fa-a4e4-11ee-9019-005056c00001', '2023-12-28 04:01:52', 0, 'Device Data 2023/12/28 04:01:51', 30.144342, 120.046240, 29);
INSERT INTO `message` VALUES (172, '28f5314a-a4e4-11ee-9019-005056c00001', '2023-12-28 04:01:55', 1, 'Device Data 2023/12/28 04:01:54', 30.452665, 120.249797, 93);
INSERT INTO `message` VALUES (173, '28f32481-a4e4-11ee-9019-005056c00001', '2023-12-28 04:02:06', 1, 'Device Data 2023/12/28 04:02:06', 30.366300, 120.410049, 95);
INSERT INTO `message` VALUES (174, '28f3f4fa-a4e4-11ee-9019-005056c00001', '2023-12-28 04:02:11', 0, 'Device Data 2023/12/28 04:02:10', 30.296891, 120.165828, 14);
INSERT INTO `message` VALUES (175, '28f1f1e9-a4e4-11ee-9019-005056c00001', '2023-12-28 04:02:26', 0, 'Device Data 2023/12/28 04:02:25', 30.279841, 120.426999, 4);
INSERT INTO `message` VALUES (176, '28f32481-a4e4-11ee-9019-005056c00001', '2023-12-28 04:02:26', 0, 'Device Data 2023/12/28 04:02:26', 30.259199, 120.313003, 4);
INSERT INTO `message` VALUES (177, '28f4850b-a4e4-11ee-9019-005056c00001', '2023-12-28 04:02:30', 0, 'Device Data 2023/12/28 04:02:29', 30.203332, 120.106178, 9);
INSERT INTO `message` VALUES (178, '28f5314a-a4e4-11ee-9019-005056c00001', '2023-12-28 04:02:38', 0, 'Device Data 2023/12/28 04:02:37', 30.287327, 120.347820, 18);
INSERT INTO `message` VALUES (179, '28f3f4fa-a4e4-11ee-9019-005056c00001', '2023-12-28 04:02:45', 0, 'Device Data 2023/12/28 04:02:44', 30.435394, 120.066739, 48);
INSERT INTO `message` VALUES (180, '28f32481-a4e4-11ee-9019-005056c00001', '2023-12-28 04:02:45', 0, 'Device Data 2023/12/28 04:02:45', 30.376355, 120.253842, 5);
INSERT INTO `message` VALUES (181, '28f4850b-a4e4-11ee-9019-005056c00001', '2023-12-28 04:03:01', 0, 'Device Data 2023/12/28 04:03:00', 30.354771, 120.037573, 13);
INSERT INTO `message` VALUES (182, '28f5314a-a4e4-11ee-9019-005056c00001', '2023-12-28 04:03:03', 0, 'Device Data 2023/12/28 04:03:02', 30.295085, 119.971783, 20);
INSERT INTO `message` VALUES (183, '28f3f4fa-a4e4-11ee-9019-005056c00001', '2023-12-28 04:03:06', 0, 'Device Data 2023/12/28 04:03:05', 30.417278, 120.387610, 20);
INSERT INTO `message` VALUES (184, '28f32481-a4e4-11ee-9019-005056c00001', '2023-12-28 04:03:09', 0, 'Device Data 2023/12/28 04:03:09', 30.219512, 120.388214, 79);
INSERT INTO `message` VALUES (185, '28f1f1e9-a4e4-11ee-9019-005056c00001', '2023-12-28 04:03:11', 0, 'Device Data 2023/12/28 04:03:10', 30.115064, 120.453757, 22);
INSERT INTO `message` VALUES (186, '28f1f1e9-a4e4-11ee-9019-005056c00001', '2023-12-28 04:03:39', 0, 'Device Data 2023/12/28 04:03:38', 30.436354, 119.981208, 62);
INSERT INTO `message` VALUES (187, '28f5314a-a4e4-11ee-9019-005056c00001', '2023-12-28 04:03:39', 1, 'Device Data 2023/12/28 04:03:38', 30.381054, 120.413419, 82);
INSERT INTO `message` VALUES (188, '28f4850b-a4e4-11ee-9019-005056c00001', '2023-12-28 04:03:44', 1, 'Device Data 2023/12/28 04:03:43', 30.394092, 120.016578, 99);
INSERT INTO `message` VALUES (189, '28f3f4fa-a4e4-11ee-9019-005056c00001', '2023-12-28 04:03:47', 0, 'Device Data 2023/12/28 04:03:46', 30.260595, 119.937744, 49);
INSERT INTO `message` VALUES (190, '28f32481-a4e4-11ee-9019-005056c00001', '2023-12-28 04:03:50', 0, 'Device Data 2023/12/28 04:03:50', 30.158039, 120.139522, 71);
INSERT INTO `message` VALUES (191, '28f4850b-a4e4-11ee-9019-005056c00001', '2023-12-28 04:04:05', 1, 'Device Data 2023/12/28 04:04:04', 30.342212, 120.066504, 82);
INSERT INTO `message` VALUES (192, '28f1f1e9-a4e4-11ee-9019-005056c00001', '2023-12-28 04:04:06', 0, 'Device Data 2023/12/28 04:04:05', 30.123564, 120.260674, 72);
INSERT INTO `message` VALUES (193, '28f3f4fa-a4e4-11ee-9019-005056c00001', '2023-12-28 04:04:16', 0, 'Device Data 2023/12/28 04:04:16', 30.493419, 120.134570, 13);
INSERT INTO `message` VALUES (194, '28f5314a-a4e4-11ee-9019-005056c00001', '2023-12-28 04:04:17', 1, 'Device Data 2023/12/28 04:04:17', 30.104949, 120.200789, 87);
INSERT INTO `message` VALUES (195, '28f32481-a4e4-11ee-9019-005056c00001', '2023-12-28 04:04:22', 0, 'Device Data 2023/12/28 04:04:22', 30.159823, 120.408211, 52);
INSERT INTO `message` VALUES (196, '28f4850b-a4e4-11ee-9019-005056c00001', '2023-12-28 04:04:34', 0, 'Device Data 2023/12/28 04:04:33', 30.104044, 120.223927, 48);
INSERT INTO `message` VALUES (197, '28f32481-a4e4-11ee-9019-005056c00001', '2023-12-28 04:04:39', 0, 'Device Data 2023/12/28 04:04:39', 30.168142, 120.273932, 55);
INSERT INTO `message` VALUES (198, '28f1f1e9-a4e4-11ee-9019-005056c00001', '2023-12-28 04:04:46', 1, 'Device Data 2023/12/28 04:04:45', 30.243472, 120.369700, 96);
INSERT INTO `message` VALUES (199, '28f4850b-a4e4-11ee-9019-005056c00001', '2023-12-28 04:04:58', 1, 'Device Data 2023/12/28 04:04:57', 30.249730, 120.278556, 95);
INSERT INTO `message` VALUES (200, '28f3f4fa-a4e4-11ee-9019-005056c00001', '2023-12-28 04:04:58', 0, 'Device Data 2023/12/28 04:04:58', 30.488968, 120.112480, 38);
INSERT INTO `message` VALUES (201, '28f5314a-a4e4-11ee-9019-005056c00001', '2023-12-28 04:04:59', 1, 'Device Data 2023/12/28 04:04:59', 30.307496, 120.384468, 87);
INSERT INTO `message` VALUES (202, '28f3f4fa-a4e4-11ee-9019-005056c00001', '2023-12-28 04:05:14', 0, 'Device Data 2023/12/28 04:05:14', 30.370219, 120.299478, 44);
INSERT INTO `message` VALUES (203, '28f32481-a4e4-11ee-9019-005056c00001', '2023-12-28 04:05:17', 1, 'Device Data 2023/12/28 04:05:17', 30.292615, 119.901503, 98);
INSERT INTO `message` VALUES (204, '28f1f1e9-a4e4-11ee-9019-005056c00001', '2023-12-28 04:05:18', 0, 'Device Data 2023/12/28 04:05:18', 30.205242, 120.393131, 1);
INSERT INTO `message` VALUES (205, '28f5314a-a4e4-11ee-9019-005056c00001', '2023-12-28 04:05:28', 0, 'Device Data 2023/12/28 04:05:28', 30.206041, 120.325510, 69);
INSERT INTO `message` VALUES (206, '28f3f4fa-a4e4-11ee-9019-005056c00001', '2023-12-28 04:05:33', 0, 'Device Data 2023/12/28 04:05:33', 30.466235, 120.401797, 26);
INSERT INTO `message` VALUES (207, '28f4850b-a4e4-11ee-9019-005056c00001', '2023-12-28 04:05:42', 0, 'Device Data 2023/12/28 04:05:41', 30.125404, 120.165264, 43);
INSERT INTO `message` VALUES (208, '28f32481-a4e4-11ee-9019-005056c00001', '2023-12-28 04:05:53', 0, 'Device Data 2023/12/28 04:05:53', 30.166978, 120.361355, 77);
INSERT INTO `message` VALUES (209, '28f1f1e9-a4e4-11ee-9019-005056c00001', '2023-12-28 04:05:58', 0, 'Device Data 2023/12/28 04:05:58', 30.285414, 120.466731, 39);
INSERT INTO `message` VALUES (210, '28f5314a-a4e4-11ee-9019-005056c00001', '2023-12-28 04:06:01', 0, 'Device Data 2023/12/28 04:06:01', 30.253957, 120.266723, 39);
INSERT INTO `message` VALUES (211, '28f4850b-a4e4-11ee-9019-005056c00001', '2023-12-28 04:06:09', 0, 'Device Data 2023/12/28 04:06:09', 30.283632, 120.455887, 59);
INSERT INTO `message` VALUES (212, '28f3f4fa-a4e4-11ee-9019-005056c00001', '2023-12-28 04:06:10', 1, 'Device Data 2023/12/28 04:06:10', 30.106105, 120.218250, 82);
INSERT INTO `message` VALUES (213, '28f5314a-a4e4-11ee-9019-005056c00001', '2023-12-28 04:06:21', 0, 'Device Data 2023/12/28 04:06:21', 30.323322, 120.173193, 54);
INSERT INTO `message` VALUES (214, '28f32481-a4e4-11ee-9019-005056c00001', '2023-12-28 04:06:27', 0, 'Device Data 2023/12/28 04:06:27', 30.450795, 120.142280, 53);
INSERT INTO `message` VALUES (215, '28f1f1e9-a4e4-11ee-9019-005056c00001', '2023-12-28 04:06:31', 1, 'Device Data 2023/12/28 04:06:31', 30.324408, 120.240051, 89);
INSERT INTO `message` VALUES (216, '28f4850b-a4e4-11ee-9019-005056c00001', '2023-12-28 04:06:35', 0, 'Device Data 2023/12/28 04:06:35', 30.301235, 120.391421, 72);
INSERT INTO `message` VALUES (217, '28f3f4fa-a4e4-11ee-9019-005056c00001', '2023-12-28 04:06:40', 0, 'Device Data 2023/12/28 04:06:40', 30.325414, 120.368324, 4);
INSERT INTO `message` VALUES (218, '28f5314a-a4e4-11ee-9019-005056c00001', '2023-12-28 04:06:42', 0, 'Device Data 2023/12/28 04:06:42', 30.230652, 119.922811, 4);
INSERT INTO `message` VALUES (219, '28f4850b-a4e4-11ee-9019-005056c00001', '2023-12-28 04:06:51', 0, 'Device Data 2023/12/28 04:06:51', 30.357615, 119.996827, 23);
INSERT INTO `message` VALUES (220, '28f32481-a4e4-11ee-9019-005056c00001', '2023-12-28 04:06:54', 0, 'Device Data 2023/12/28 04:06:54', 30.302026, 120.357733, 48);
INSERT INTO `message` VALUES (221, '28f1f1e9-a4e4-11ee-9019-005056c00001', '2023-12-28 04:07:02', 0, 'Device Data 2023/12/28 04:07:02', 30.373581, 120.472494, 59);
INSERT INTO `message` VALUES (222, '28f4850b-a4e4-11ee-9019-005056c00001', '2023-12-28 04:07:07', 0, 'Device Data 2023/12/28 04:07:07', 30.151803, 120.186406, 19);
INSERT INTO `message` VALUES (223, '28f5314a-a4e4-11ee-9019-005056c00001', '2023-12-28 04:07:10', 0, 'Device Data 2023/12/28 04:07:10', 30.357914, 120.089385, 31);
INSERT INTO `message` VALUES (224, '28f3f4fa-a4e4-11ee-9019-005056c00001', '2023-12-28 04:07:15', 0, 'Device Data 2023/12/28 04:07:15', 30.300734, 120.046875, 79);
INSERT INTO `message` VALUES (225, '28f5314a-a4e4-11ee-9019-005056c00001', '2023-12-28 04:07:27', 0, 'Device Data 2023/12/28 04:07:27', 30.197738, 120.172631, 53);
INSERT INTO `message` VALUES (226, '28f32481-a4e4-11ee-9019-005056c00001', '2023-12-28 04:07:27', 1, 'Device Data 2023/12/28 04:07:27', 30.310156, 120.464469, 90);
INSERT INTO `message` VALUES (227, '28f4850b-a4e4-11ee-9019-005056c00001', '2023-12-28 04:07:41', 0, 'Device Data 2023/12/28 04:07:41', 30.175844, 120.063658, 70);
INSERT INTO `message` VALUES (228, '28f1f1e9-a4e4-11ee-9019-005056c00001', '2023-12-28 04:07:47', 0, 'Device Data 2023/12/28 04:07:47', 30.472288, 120.363178, 43);
INSERT INTO `message` VALUES (229, '28f3f4fa-a4e4-11ee-9019-005056c00001', '2023-12-28 04:07:50', 0, 'Device Data 2023/12/28 04:07:50', 30.233429, 120.454835, 29);
INSERT INTO `message` VALUES (230, '28f5314a-a4e4-11ee-9019-005056c00001', '2023-12-28 04:08:01', 0, 'Device Data 2023/12/28 04:08:01', 30.215292, 119.935172, 60);
INSERT INTO `message` VALUES (231, '28f32481-a4e4-11ee-9019-005056c00001', '2023-12-28 04:08:03', 1, 'Device Data 2023/12/28 04:08:03', 30.110273, 120.496042, 89);
INSERT INTO `message` VALUES (232, '28f3f4fa-a4e4-11ee-9019-005056c00001', '2023-12-28 04:08:06', 1, 'Device Data 2023/12/28 04:08:06', 30.440355, 120.218562, 90);
INSERT INTO `message` VALUES (233, '28f4850b-a4e4-11ee-9019-005056c00001', '2023-12-28 04:08:09', 0, 'Device Data 2023/12/28 04:08:09', 30.289565, 120.262030, 0);
INSERT INTO `message` VALUES (234, '28f3f4fa-a4e4-11ee-9019-005056c00001', '2023-12-28 04:08:21', 0, 'Device Data 2023/12/28 04:08:21', 30.268142, 119.979735, 75);
INSERT INTO `message` VALUES (235, '28f5314a-a4e4-11ee-9019-005056c00001', '2023-12-28 04:08:28', 1, 'Device Data 2023/12/28 04:08:28', 30.140992, 120.387043, 84);
INSERT INTO `message` VALUES (236, '28f1f1e9-a4e4-11ee-9019-005056c00001', '2023-12-28 04:08:31', 1, 'Device Data 2023/12/28 04:08:31', 30.230740, 120.417293, 86);
INSERT INTO `message` VALUES (237, '28f32481-a4e4-11ee-9019-005056c00001', '2023-12-28 04:08:31', 0, 'Device Data 2023/12/28 04:08:31', 30.226902, 120.058988, 27);
INSERT INTO `message` VALUES (238, '28f4850b-a4e4-11ee-9019-005056c00001', '2023-12-28 04:08:48', 0, 'Device Data 2023/12/28 04:08:48', 30.293916, 120.338202, 47);
INSERT INTO `message` VALUES (239, '28f3f4fa-a4e4-11ee-9019-005056c00001', '2023-12-28 04:08:52', 0, 'Device Data 2023/12/28 04:08:52', 30.189515, 120.318254, 48);
INSERT INTO `message` VALUES (240, '28f32481-a4e4-11ee-9019-005056c00001', '2023-12-28 04:08:56', 0, 'Device Data 2023/12/28 04:08:56', 30.186889, 120.077085, 41);
INSERT INTO `message` VALUES (241, '28f1f1e9-a4e4-11ee-9019-005056c00001', '2023-12-28 04:09:02', 0, 'Device Data 2023/12/28 04:09:02', 30.181529, 120.171344, 20);
INSERT INTO `message` VALUES (242, '28f5314a-a4e4-11ee-9019-005056c00001', '2023-12-28 04:09:09', 0, 'Device Data 2023/12/28 04:09:09', 30.186995, 119.924370, 20);
INSERT INTO `message` VALUES (243, '28f3f4fa-a4e4-11ee-9019-005056c00001', '2023-12-28 04:09:10', 0, 'Device Data 2023/12/28 04:09:10', 30.411554, 120.482346, 52);
INSERT INTO `message` VALUES (244, '28f1f1e9-a4e4-11ee-9019-005056c00001', '2023-12-30 08:38:52', 1, 'Device Data 2023/12/30 08:38:51', 30.127456, 120.169919, 95);
INSERT INTO `message` VALUES (245, '7594bea1-a67c-11ee-9019-005056c00001', '2023-12-30 08:38:52', 1, 'Device Data 2023/12/30 08:38:51', 30.127456, 120.169919, 95);
INSERT INTO `message` VALUES (246, '28f32481-a4e4-11ee-9019-005056c00001', '2023-12-30 08:38:53', 0, 'Device Data 2023/12/30 08:38:52', 30.484955, 120.161021, 21);
INSERT INTO `message` VALUES (247, '759563e6-a67c-11ee-9019-005056c00001', '2023-12-30 08:38:53', 0, 'Device Data 2023/12/30 08:38:52', 30.484955, 120.161021, 21);
INSERT INTO `message` VALUES (248, '28f5314a-a4e4-11ee-9019-005056c00001', '2023-12-30 08:38:53', 0, 'Device Data 2023/12/30 08:38:52', 30.459551, 120.175584, 59);
INSERT INTO `message` VALUES (249, '7596f241-a67c-11ee-9019-005056c00001', '2023-12-30 08:38:53', 0, 'Device Data 2023/12/30 08:38:52', 30.459551, 120.175584, 59);
INSERT INTO `message` VALUES (250, '28f4850b-a4e4-11ee-9019-005056c00001', '2023-12-30 08:38:53', 1, 'Device Data 2023/12/30 08:38:53', 30.384604, 120.443621, 82);
INSERT INTO `message` VALUES (251, '75965d0f-a67c-11ee-9019-005056c00001', '2023-12-30 08:38:53', 1, 'Device Data 2023/12/30 08:38:53', 30.384604, 120.443621, 82);
INSERT INTO `message` VALUES (252, '28f3f4fa-a4e4-11ee-9019-005056c00001', '2023-12-30 08:39:11', 1, 'Device Data 2023/12/30 08:39:10', 30.489268, 120.035166, 97);
INSERT INTO `message` VALUES (253, '7595ef4f-a67c-11ee-9019-005056c00001', '2023-12-30 08:39:11', 1, 'Device Data 2023/12/30 08:39:10', 30.489268, 120.035166, 97);
INSERT INTO `message` VALUES (254, '28f32481-a4e4-11ee-9019-005056c00001', '2023-12-30 08:39:14', 0, 'Device Data 2023/12/30 08:39:13', 30.408151, 120.292146, 38);
INSERT INTO `message` VALUES (255, '759563e6-a67c-11ee-9019-005056c00001', '2023-12-30 08:39:14', 0, 'Device Data 2023/12/30 08:39:13', 30.408151, 120.292146, 38);
INSERT INTO `message` VALUES (256, '28f4850b-a4e4-11ee-9019-005056c00001', '2023-12-30 08:39:19', 1, 'Device Data 2023/12/30 08:39:19', 30.166741, 120.237150, 87);
INSERT INTO `message` VALUES (257, '75965d0f-a67c-11ee-9019-005056c00001', '2023-12-30 08:39:19', 1, 'Device Data 2023/12/30 08:39:19', 30.166741, 120.237150, 87);
INSERT INTO `message` VALUES (258, '28f5314a-a4e4-11ee-9019-005056c00001', '2023-12-30 08:39:22', 0, 'Device Data 2023/12/30 08:39:21', 30.403282, 119.967897, 0);
INSERT INTO `message` VALUES (259, '7596f241-a67c-11ee-9019-005056c00001', '2023-12-30 08:39:22', 0, 'Device Data 2023/12/30 08:39:21', 30.403282, 119.967897, 0);
INSERT INTO `message` VALUES (260, '28f1f1e9-a4e4-11ee-9019-005056c00001', '2023-12-30 08:39:32', 0, 'Device Data 2023/12/30 08:39:31', 30.499228, 119.923246, 23);
INSERT INTO `message` VALUES (261, '7594bea1-a67c-11ee-9019-005056c00001', '2023-12-30 08:39:32', 0, 'Device Data 2023/12/30 08:39:31', 30.499228, 119.923246, 23);
INSERT INTO `message` VALUES (262, '28f32481-a4e4-11ee-9019-005056c00001', '2023-12-30 08:39:45', 0, 'Device Data 2023/12/30 08:39:44', 30.361093, 119.989841, 46);
INSERT INTO `message` VALUES (263, '759563e6-a67c-11ee-9019-005056c00001', '2023-12-30 08:39:45', 0, 'Device Data 2023/12/30 08:39:44', 30.361093, 119.989841, 46);
INSERT INTO `message` VALUES (264, '28f3f4fa-a4e4-11ee-9019-005056c00001', '2023-12-30 08:39:46', 0, 'Device Data 2023/12/30 08:39:45', 30.135675, 120.347193, 32);
INSERT INTO `message` VALUES (265, '7595ef4f-a67c-11ee-9019-005056c00001', '2023-12-30 08:39:46', 0, 'Device Data 2023/12/30 08:39:45', 30.135675, 120.347193, 32);
INSERT INTO `message` VALUES (266, '28f1f1e9-a4e4-11ee-9019-005056c00001', '2023-12-30 08:39:50', 0, 'Device Data 2023/12/30 08:39:49', 30.383529, 119.981916, 9);
INSERT INTO `message` VALUES (267, '7594bea1-a67c-11ee-9019-005056c00001', '2023-12-30 08:39:50', 0, 'Device Data 2023/12/30 08:39:49', 30.383529, 119.981916, 9);
INSERT INTO `message` VALUES (268, '28f5314a-a4e4-11ee-9019-005056c00001', '2023-12-30 08:39:55', 1, 'Device Data 2023/12/30 08:39:54', 30.367860, 120.404000, 94);
INSERT INTO `message` VALUES (269, '7596f241-a67c-11ee-9019-005056c00001', '2023-12-30 08:39:55', 1, 'Device Data 2023/12/30 08:39:54', 30.367860, 120.404000, 94);
INSERT INTO `message` VALUES (270, '28f4850b-a4e4-11ee-9019-005056c00001', '2023-12-30 08:40:00', 0, 'Device Data 2023/12/30 08:40:00', 30.266687, 120.439166, 57);
INSERT INTO `message` VALUES (271, '75965d0f-a67c-11ee-9019-005056c00001', '2023-12-30 08:40:00', 0, 'Device Data 2023/12/30 08:40:00', 30.266687, 120.439166, 57);
INSERT INTO `message` VALUES (272, '28f5314a-a4e4-11ee-9019-005056c00001', '2023-12-30 08:40:14', 0, 'Device Data 2023/12/30 08:40:13', 30.320408, 120.271858, 68);
INSERT INTO `message` VALUES (273, '7596f241-a67c-11ee-9019-005056c00001', '2023-12-30 08:40:14', 0, 'Device Data 2023/12/30 08:40:13', 30.320408, 120.271858, 68);
INSERT INTO `message` VALUES (274, '28f3f4fa-a4e4-11ee-9019-005056c00001', '2023-12-30 08:40:21', 1, 'Device Data 2023/12/30 08:40:20', 30.302804, 120.147991, 99);
INSERT INTO `message` VALUES (275, '7595ef4f-a67c-11ee-9019-005056c00001', '2023-12-30 08:40:21', 1, 'Device Data 2023/12/30 08:40:20', 30.302804, 120.147991, 99);
INSERT INTO `message` VALUES (276, '28f4850b-a4e4-11ee-9019-005056c00001', '2023-12-30 08:40:26', 1, 'Device Data 2023/12/30 08:40:26', 30.267412, 120.306798, 91);
INSERT INTO `message` VALUES (277, '75965d0f-a67c-11ee-9019-005056c00001', '2023-12-30 08:40:26', 1, 'Device Data 2023/12/30 08:40:26', 30.267412, 120.306798, 91);
INSERT INTO `message` VALUES (278, '28f32481-a4e4-11ee-9019-005056c00001', '2023-12-30 08:40:27', 0, 'Device Data 2023/12/30 08:40:26', 30.307888, 120.384533, 2);
INSERT INTO `message` VALUES (279, '759563e6-a67c-11ee-9019-005056c00001', '2023-12-30 08:40:27', 0, 'Device Data 2023/12/30 08:40:26', 30.307888, 120.384533, 2);
INSERT INTO `message` VALUES (280, '28f1f1e9-a4e4-11ee-9019-005056c00001', '2023-12-30 08:40:29', 0, 'Device Data 2023/12/30 08:40:28', 30.296981, 119.966920, 63);
INSERT INTO `message` VALUES (281, '7594bea1-a67c-11ee-9019-005056c00001', '2023-12-30 08:40:29', 0, 'Device Data 2023/12/30 08:40:28', 30.296981, 119.966920, 63);
INSERT INTO `message` VALUES (282, '28f32481-a4e4-11ee-9019-005056c00001', '2023-12-30 08:40:48', 0, 'Device Data 2023/12/30 08:40:47', 30.314383, 120.428960, 44);
INSERT INTO `message` VALUES (283, '759563e6-a67c-11ee-9019-005056c00001', '2023-12-30 08:40:48', 0, 'Device Data 2023/12/30 08:40:47', 30.314383, 120.428960, 44);
INSERT INTO `message` VALUES (284, '28f5314a-a4e4-11ee-9019-005056c00001', '2023-12-30 08:40:49', 0, 'Device Data 2023/12/30 08:40:48', 30.246100, 119.933381, 75);
INSERT INTO `message` VALUES (285, '7596f241-a67c-11ee-9019-005056c00001', '2023-12-30 08:40:49', 0, 'Device Data 2023/12/30 08:40:48', 30.246100, 119.933381, 75);
INSERT INTO `message` VALUES (286, '28f4850b-a4e4-11ee-9019-005056c00001', '2023-12-30 08:41:04', 0, 'Device Data 2023/12/30 08:41:04', 30.190473, 120.032677, 80);
INSERT INTO `message` VALUES (287, '75965d0f-a67c-11ee-9019-005056c00001', '2023-12-30 08:41:04', 0, 'Device Data 2023/12/30 08:41:04', 30.190473, 120.032677, 80);
INSERT INTO `message` VALUES (288, '28f3f4fa-a4e4-11ee-9019-005056c00001', '2023-12-30 08:41:06', 0, 'Device Data 2023/12/30 08:41:05', 30.362608, 120.174090, 78);
INSERT INTO `message` VALUES (289, '7595ef4f-a67c-11ee-9019-005056c00001', '2023-12-30 08:41:06', 0, 'Device Data 2023/12/30 08:41:05', 30.362608, 120.174090, 78);
INSERT INTO `message` VALUES (290, '28f32481-a4e4-11ee-9019-005056c00001', '2023-12-30 08:41:11', 0, 'Device Data 2023/12/30 08:41:10', 30.475033, 120.207814, 33);
INSERT INTO `message` VALUES (291, '759563e6-a67c-11ee-9019-005056c00001', '2023-12-30 08:41:11', 0, 'Device Data 2023/12/30 08:41:10', 30.475033, 120.207814, 33);
INSERT INTO `message` VALUES (292, '28f5314a-a4e4-11ee-9019-005056c00001', '2023-12-30 08:41:13', 0, 'Device Data 2023/12/30 08:41:12', 30.106669, 120.043086, 12);
INSERT INTO `message` VALUES (293, '7596f241-a67c-11ee-9019-005056c00001', '2023-12-30 08:41:13', 0, 'Device Data 2023/12/30 08:41:12', 30.106669, 120.043086, 12);
INSERT INTO `message` VALUES (294, '28f1f1e9-a4e4-11ee-9019-005056c00001', '2023-12-30 08:41:13', 0, 'Device Data 2023/12/30 08:41:12', 30.218763, 120.252855, 10);
INSERT INTO `message` VALUES (295, '7594bea1-a67c-11ee-9019-005056c00001', '2023-12-30 08:41:13', 0, 'Device Data 2023/12/30 08:41:12', 30.218763, 120.252855, 10);
INSERT INTO `message` VALUES (296, '28f3f4fa-a4e4-11ee-9019-005056c00001', '2023-12-30 08:41:25', 0, 'Device Data 2023/12/30 08:41:24', 30.145426, 120.132697, 22);
INSERT INTO `message` VALUES (297, '7595ef4f-a67c-11ee-9019-005056c00001', '2023-12-30 08:41:25', 0, 'Device Data 2023/12/30 08:41:24', 30.145426, 120.132697, 22);
INSERT INTO `message` VALUES (298, '28f1f1e9-a4e4-11ee-9019-005056c00001', '2023-12-30 08:41:30', 0, 'Device Data 2023/12/30 08:41:30', 30.290853, 120.069302, 75);
INSERT INTO `message` VALUES (299, '7594bea1-a67c-11ee-9019-005056c00001', '2023-12-30 08:41:30', 0, 'Device Data 2023/12/30 08:41:30', 30.290853, 120.069302, 75);
INSERT INTO `message` VALUES (300, '28f5314a-a4e4-11ee-9019-005056c00001', '2023-12-30 08:41:39', 0, 'Device Data 2023/12/30 08:41:38', 30.127534, 120.298650, 56);
INSERT INTO `message` VALUES (301, '7596f241-a67c-11ee-9019-005056c00001', '2023-12-30 08:41:39', 0, 'Device Data 2023/12/30 08:41:38', 30.127534, 120.298650, 56);
INSERT INTO `message` VALUES (302, '28f32481-a4e4-11ee-9019-005056c00001', '2023-12-30 08:41:43', 0, 'Device Data 2023/12/30 08:41:42', 30.319198, 120.093793, 16);
INSERT INTO `message` VALUES (303, '759563e6-a67c-11ee-9019-005056c00001', '2023-12-30 08:41:43', 0, 'Device Data 2023/12/30 08:41:42', 30.319198, 120.093793, 16);
INSERT INTO `message` VALUES (304, '28f4850b-a4e4-11ee-9019-005056c00001', '2023-12-30 08:41:45', 0, 'Device Data 2023/12/30 08:41:45', 30.417318, 120.053843, 50);
INSERT INTO `message` VALUES (305, '75965d0f-a67c-11ee-9019-005056c00001', '2023-12-30 08:41:45', 0, 'Device Data 2023/12/30 08:41:45', 30.417318, 120.053843, 50);
INSERT INTO `message` VALUES (306, '28f3f4fa-a4e4-11ee-9019-005056c00001', '2023-12-30 08:41:57', 0, 'Device Data 2023/12/30 08:41:56', 30.141943, 119.980979, 1);
INSERT INTO `message` VALUES (307, '7595ef4f-a67c-11ee-9019-005056c00001', '2023-12-30 08:41:57', 0, 'Device Data 2023/12/30 08:41:56', 30.141943, 119.980979, 1);
INSERT INTO `message` VALUES (308, '28f1f1e9-a4e4-11ee-9019-005056c00001', '2023-12-30 08:41:59', 1, 'Device Data 2023/12/30 08:41:59', 30.489228, 119.991343, 84);
INSERT INTO `message` VALUES (309, '7594bea1-a67c-11ee-9019-005056c00001', '2023-12-30 08:41:59', 1, 'Device Data 2023/12/30 08:41:59', 30.489228, 119.991343, 84);
INSERT INTO `message` VALUES (310, '28f5314a-a4e4-11ee-9019-005056c00001', '2023-12-30 08:42:07', 0, 'Device Data 2023/12/30 08:42:07', 30.205839, 120.398554, 39);
INSERT INTO `message` VALUES (311, '7596f241-a67c-11ee-9019-005056c00001', '2023-12-30 08:42:07', 0, 'Device Data 2023/12/30 08:42:07', 30.205839, 120.398554, 39);
INSERT INTO `message` VALUES (312, '28f32481-a4e4-11ee-9019-005056c00001', '2023-12-30 08:42:12', 1, 'Device Data 2023/12/30 08:42:11', 30.476368, 120.307899, 89);
INSERT INTO `message` VALUES (313, '759563e6-a67c-11ee-9019-005056c00001', '2023-12-30 08:42:12', 1, 'Device Data 2023/12/30 08:42:11', 30.476368, 120.307899, 89);
INSERT INTO `message` VALUES (314, '28f4850b-a4e4-11ee-9019-005056c00001', '2023-12-30 08:42:16', 0, 'Device Data 2023/12/30 08:42:16', 30.289078, 119.932699, 30);
INSERT INTO `message` VALUES (315, '75965d0f-a67c-11ee-9019-005056c00001', '2023-12-30 08:42:16', 0, 'Device Data 2023/12/30 08:42:16', 30.289078, 119.932699, 30);
INSERT INTO `message` VALUES (316, '28f1f1e9-a4e4-11ee-9019-005056c00001', '2023-12-30 08:42:23', 0, 'Device Data 2023/12/30 08:42:23', 30.163845, 119.981672, 60);
INSERT INTO `message` VALUES (317, '7594bea1-a67c-11ee-9019-005056c00001', '2023-12-30 08:42:23', 0, 'Device Data 2023/12/30 08:42:23', 30.163845, 119.981672, 60);
INSERT INTO `message` VALUES (318, '28f5314a-a4e4-11ee-9019-005056c00001', '2023-12-30 08:42:35', 0, 'Device Data 2023/12/30 08:42:35', 30.428842, 120.148497, 0);
INSERT INTO `message` VALUES (319, '7596f241-a67c-11ee-9019-005056c00001', '2023-12-30 08:42:35', 0, 'Device Data 2023/12/30 08:42:35', 30.428842, 120.148497, 0);
INSERT INTO `message` VALUES (320, '28f4850b-a4e4-11ee-9019-005056c00001', '2023-12-30 08:42:35', 0, 'Device Data 2023/12/30 08:42:35', 30.487009, 119.910087, 55);
INSERT INTO `message` VALUES (321, '75965d0f-a67c-11ee-9019-005056c00001', '2023-12-30 08:42:35', 0, 'Device Data 2023/12/30 08:42:35', 30.487009, 119.910087, 55);
INSERT INTO `message` VALUES (322, '28f32481-a4e4-11ee-9019-005056c00001', '2023-12-30 08:42:38', 0, 'Device Data 2023/12/30 08:42:37', 30.157912, 119.951176, 18);
INSERT INTO `message` VALUES (323, '759563e6-a67c-11ee-9019-005056c00001', '2023-12-30 08:42:38', 0, 'Device Data 2023/12/30 08:42:37', 30.157912, 119.951176, 18);
INSERT INTO `message` VALUES (324, '28f3f4fa-a4e4-11ee-9019-005056c00001', '2023-12-30 08:42:42', 1, 'Device Data 2023/12/30 08:42:41', 30.214691, 120.424829, 89);
INSERT INTO `message` VALUES (325, '7595ef4f-a67c-11ee-9019-005056c00001', '2023-12-30 08:42:42', 1, 'Device Data 2023/12/30 08:42:41', 30.214691, 120.424829, 89);
INSERT INTO `message` VALUES (326, '28f32481-a4e4-11ee-9019-005056c00001', '2023-12-30 08:42:59', 1, 'Device Data 2023/12/30 08:42:58', 30.207528, 120.457944, 81);
INSERT INTO `message` VALUES (327, '759563e6-a67c-11ee-9019-005056c00001', '2023-12-30 08:42:59', 1, 'Device Data 2023/12/30 08:42:58', 30.207528, 120.457944, 81);
INSERT INTO `message` VALUES (328, '28f1f1e9-a4e4-11ee-9019-005056c00001', '2023-12-30 08:43:02', 0, 'Device Data 2023/12/30 08:43:02', 30.372760, 120.085111, 27);
INSERT INTO `message` VALUES (329, '7594bea1-a67c-11ee-9019-005056c00001', '2023-12-30 08:43:02', 0, 'Device Data 2023/12/30 08:43:02', 30.372760, 120.085111, 27);
INSERT INTO `message` VALUES (330, '28f4850b-a4e4-11ee-9019-005056c00001', '2023-12-30 08:43:02', 0, 'Device Data 2023/12/30 08:43:02', 30.457083, 119.901623, 18);
INSERT INTO `message` VALUES (331, '75965d0f-a67c-11ee-9019-005056c00001', '2023-12-30 08:43:02', 0, 'Device Data 2023/12/30 08:43:02', 30.457083, 119.901623, 18);
INSERT INTO `message` VALUES (332, '28f5314a-a4e4-11ee-9019-005056c00001', '2023-12-30 08:43:16', 1, 'Device Data 2023/12/30 08:43:16', 30.268160, 119.986327, 82);
INSERT INTO `message` VALUES (333, '7596f241-a67c-11ee-9019-005056c00001', '2023-12-30 08:43:16', 1, 'Device Data 2023/12/30 08:43:16', 30.268160, 119.986327, 82);
INSERT INTO `message` VALUES (334, '28f1f1e9-a4e4-11ee-9019-005056c00001', '2023-12-30 08:43:18', 0, 'Device Data 2023/12/30 08:43:18', 30.346457, 120.487701, 73);
INSERT INTO `message` VALUES (335, '7594bea1-a67c-11ee-9019-005056c00001', '2023-12-30 08:43:18', 0, 'Device Data 2023/12/30 08:43:18', 30.346457, 120.487701, 73);
INSERT INTO `message` VALUES (336, '28f3f4fa-a4e4-11ee-9019-005056c00001', '2023-12-30 08:43:25', 0, 'Device Data 2023/12/30 08:43:24', 30.479022, 120.326073, 78);
INSERT INTO `message` VALUES (337, '7595ef4f-a67c-11ee-9019-005056c00001', '2023-12-30 08:43:25', 0, 'Device Data 2023/12/30 08:43:24', 30.479022, 120.326073, 78);
INSERT INTO `message` VALUES (338, '28f32481-a4e4-11ee-9019-005056c00001', '2023-12-30 08:43:25', 1, 'Device Data 2023/12/30 08:43:24', 30.131201, 119.964675, 84);
INSERT INTO `message` VALUES (339, '759563e6-a67c-11ee-9019-005056c00001', '2023-12-30 08:43:25', 1, 'Device Data 2023/12/30 08:43:24', 30.131201, 119.964675, 84);
INSERT INTO `message` VALUES (340, '28f1f1e9-a4e4-11ee-9019-005056c00001', '2023-12-30 08:43:38', 0, 'Device Data 2023/12/30 08:43:38', 30.452336, 120.329479, 33);
INSERT INTO `message` VALUES (341, '7594bea1-a67c-11ee-9019-005056c00001', '2023-12-30 08:43:38', 0, 'Device Data 2023/12/30 08:43:38', 30.452336, 120.329479, 33);
INSERT INTO `message` VALUES (342, '28f4850b-a4e4-11ee-9019-005056c00001', '2023-12-30 08:43:38', 1, 'Device Data 2023/12/30 08:43:38', 30.315020, 120.071728, 89);
INSERT INTO `message` VALUES (343, '75965d0f-a67c-11ee-9019-005056c00001', '2023-12-30 08:43:38', 1, 'Device Data 2023/12/30 08:43:38', 30.315020, 120.071728, 89);
INSERT INTO `message` VALUES (344, '28f5314a-a4e4-11ee-9019-005056c00001', '2023-12-30 08:43:43', 0, 'Device Data 2023/12/30 08:43:43', 30.400436, 120.004864, 43);
INSERT INTO `message` VALUES (345, '7596f241-a67c-11ee-9019-005056c00001', '2023-12-30 08:43:43', 0, 'Device Data 2023/12/30 08:43:43', 30.400436, 120.004864, 43);
INSERT INTO `message` VALUES (346, '28f32481-a4e4-11ee-9019-005056c00001', '2023-12-30 08:43:46', 0, 'Device Data 2023/12/30 08:43:46', 30.261600, 120.242230, 33);
INSERT INTO `message` VALUES (347, '759563e6-a67c-11ee-9019-005056c00001', '2023-12-30 08:43:46', 0, 'Device Data 2023/12/30 08:43:46', 30.261600, 120.242230, 33);
INSERT INTO `message` VALUES (348, '28f3f4fa-a4e4-11ee-9019-005056c00001', '2023-12-30 08:44:01', 0, 'Device Data 2023/12/30 08:44:00', 30.166105, 120.065791, 0);
INSERT INTO `message` VALUES (349, '7595ef4f-a67c-11ee-9019-005056c00001', '2023-12-30 08:44:01', 0, 'Device Data 2023/12/30 08:44:00', 30.166105, 120.065791, 0);
INSERT INTO `message` VALUES (350, '28f32481-a4e4-11ee-9019-005056c00001', '2023-12-30 08:44:03', 0, 'Device Data 2023/12/30 08:44:03', 30.172406, 120.195861, 48);
INSERT INTO `message` VALUES (351, '759563e6-a67c-11ee-9019-005056c00001', '2023-12-30 08:44:03', 0, 'Device Data 2023/12/30 08:44:03', 30.172406, 120.195861, 48);
INSERT INTO `message` VALUES (352, '28f1f1e9-a4e4-11ee-9019-005056c00001', '2023-12-30 08:44:06', 0, 'Device Data 2023/12/30 08:44:06', 30.135853, 120.126127, 72);
INSERT INTO `message` VALUES (353, '7594bea1-a67c-11ee-9019-005056c00001', '2023-12-30 08:44:06', 0, 'Device Data 2023/12/30 08:44:06', 30.135853, 120.126127, 72);
INSERT INTO `message` VALUES (354, '28f4850b-a4e4-11ee-9019-005056c00001', '2023-12-30 08:44:13', 1, 'Device Data 2023/12/30 08:44:13', 30.257779, 120.006182, 95);
INSERT INTO `message` VALUES (355, '75965d0f-a67c-11ee-9019-005056c00001', '2023-12-30 08:44:13', 1, 'Device Data 2023/12/30 08:44:13', 30.257779, 120.006182, 95);
INSERT INTO `message` VALUES (356, '28f5314a-a4e4-11ee-9019-005056c00001', '2023-12-30 08:44:23', 1, 'Device Data 2023/12/30 08:44:23', 30.106612, 120.027405, 82);
INSERT INTO `message` VALUES (357, '7596f241-a67c-11ee-9019-005056c00001', '2023-12-30 08:44:23', 1, 'Device Data 2023/12/30 08:44:23', 30.106612, 120.027405, 82);
INSERT INTO `message` VALUES (358, '28f1f1e9-a4e4-11ee-9019-005056c00001', '2023-12-30 08:44:26', 0, 'Device Data 2023/12/30 08:44:26', 30.359753, 119.987337, 58);
INSERT INTO `message` VALUES (359, '7594bea1-a67c-11ee-9019-005056c00001', '2023-12-30 08:44:26', 0, 'Device Data 2023/12/30 08:44:26', 30.359753, 119.987337, 58);
INSERT INTO `message` VALUES (360, '28f4850b-a4e4-11ee-9019-005056c00001', '2023-12-30 08:44:40', 0, 'Device Data 2023/12/30 08:44:40', 30.108496, 120.291912, 36);
INSERT INTO `message` VALUES (361, '75965d0f-a67c-11ee-9019-005056c00001', '2023-12-30 08:44:40', 0, 'Device Data 2023/12/30 08:44:40', 30.108496, 120.291912, 36);
INSERT INTO `message` VALUES (362, '28f32481-a4e4-11ee-9019-005056c00001', '2023-12-30 08:44:44', 1, 'Device Data 2023/12/30 08:44:44', 30.189065, 120.219899, 91);
INSERT INTO `message` VALUES (363, '759563e6-a67c-11ee-9019-005056c00001', '2023-12-30 08:44:44', 1, 'Device Data 2023/12/30 08:44:44', 30.189065, 120.219899, 91);
INSERT INTO `message` VALUES (364, '28f3f4fa-a4e4-11ee-9019-005056c00001', '2023-12-30 08:44:46', 0, 'Device Data 2023/12/30 08:44:45', 30.135656, 119.907335, 73);
INSERT INTO `message` VALUES (365, '7595ef4f-a67c-11ee-9019-005056c00001', '2023-12-30 08:44:46', 0, 'Device Data 2023/12/30 08:44:45', 30.135656, 119.907335, 73);
INSERT INTO `message` VALUES (366, '28f5314a-a4e4-11ee-9019-005056c00001', '2023-12-30 08:44:50', 0, 'Device Data 2023/12/30 08:44:50', 30.298406, 120.125848, 73);
INSERT INTO `message` VALUES (367, '7596f241-a67c-11ee-9019-005056c00001', '2023-12-30 08:44:50', 0, 'Device Data 2023/12/30 08:44:50', 30.298406, 120.125848, 73);
INSERT INTO `message` VALUES (368, '28f1f1e9-a4e4-11ee-9019-005056c00001', '2023-12-30 08:44:56', 0, 'Device Data 2023/12/30 08:44:56', 30.445701, 120.377108, 65);
INSERT INTO `message` VALUES (369, '7594bea1-a67c-11ee-9019-005056c00001', '2023-12-30 08:44:56', 0, 'Device Data 2023/12/30 08:44:56', 30.445701, 120.377108, 65);
INSERT INTO `message` VALUES (370, '28f4850b-a4e4-11ee-9019-005056c00001', '2023-12-30 08:45:01', 1, 'Device Data 2023/12/30 08:45:01', 30.302465, 120.225121, 84);
INSERT INTO `message` VALUES (371, '75965d0f-a67c-11ee-9019-005056c00001', '2023-12-30 08:45:01', 1, 'Device Data 2023/12/30 08:45:01', 30.302465, 120.225121, 84);
INSERT INTO `message` VALUES (372, '28f3f4fa-a4e4-11ee-9019-005056c00001', '2023-12-30 08:45:16', 0, 'Device Data 2023/12/30 08:45:15', 30.413444, 120.221515, 40);
INSERT INTO `message` VALUES (373, '7595ef4f-a67c-11ee-9019-005056c00001', '2023-12-30 08:45:16', 0, 'Device Data 2023/12/30 08:45:15', 30.413444, 120.221515, 40);
INSERT INTO `message` VALUES (374, '28f32481-a4e4-11ee-9019-005056c00001', '2023-12-30 08:45:18', 0, 'Device Data 2023/12/30 08:45:18', 30.411097, 120.332320, 13);
INSERT INTO `message` VALUES (375, '759563e6-a67c-11ee-9019-005056c00001', '2023-12-30 08:45:18', 0, 'Device Data 2023/12/30 08:45:18', 30.411097, 120.332320, 13);
INSERT INTO `message` VALUES (376, '28f5314a-a4e4-11ee-9019-005056c00001', '2023-12-30 08:45:18', 0, 'Device Data 2023/12/30 08:45:18', 30.374904, 120.173519, 35);
INSERT INTO `message` VALUES (377, '7596f241-a67c-11ee-9019-005056c00001', '2023-12-30 08:45:18', 0, 'Device Data 2023/12/30 08:45:18', 30.374904, 120.173519, 35);
INSERT INTO `message` VALUES (378, '28f4850b-a4e4-11ee-9019-005056c00001', '2023-12-30 08:45:29', 0, 'Device Data 2023/12/30 08:45:29', 30.134451, 120.030659, 49);
INSERT INTO `message` VALUES (379, '75965d0f-a67c-11ee-9019-005056c00001', '2023-12-30 08:45:29', 0, 'Device Data 2023/12/30 08:45:29', 30.134451, 120.030659, 49);
INSERT INTO `message` VALUES (380, '28f1f1e9-a4e4-11ee-9019-005056c00001', '2023-12-30 08:45:33', 1, 'Device Data 2023/12/30 08:45:33', 30.270037, 120.439223, 88);
INSERT INTO `message` VALUES (381, '7594bea1-a67c-11ee-9019-005056c00001', '2023-12-30 08:45:33', 1, 'Device Data 2023/12/30 08:45:33', 30.270037, 120.439223, 88);
INSERT INTO `message` VALUES (382, '28f5314a-a4e4-11ee-9019-005056c00001', '2023-12-30 08:45:34', 0, 'Device Data 2023/12/30 08:45:34', 30.172898, 120.132797, 32);
INSERT INTO `message` VALUES (383, '7596f241-a67c-11ee-9019-005056c00001', '2023-12-30 08:45:34', 0, 'Device Data 2023/12/30 08:45:34', 30.172898, 120.132797, 32);
INSERT INTO `message` VALUES (384, '28f3f4fa-a4e4-11ee-9019-005056c00001', '2023-12-30 08:45:37', 0, 'Device Data 2023/12/30 08:45:36', 30.375665, 120.041811, 64);
INSERT INTO `message` VALUES (385, '7595ef4f-a67c-11ee-9019-005056c00001', '2023-12-30 08:45:37', 0, 'Device Data 2023/12/30 08:45:36', 30.375665, 120.041811, 64);
INSERT INTO `message` VALUES (386, '28f1f1e9-a4e4-11ee-9019-005056c00001', '2023-12-30 08:45:52', 0, 'Device Data 2023/12/30 08:45:52', 30.103827, 120.486312, 39);
INSERT INTO `message` VALUES (387, '7594bea1-a67c-11ee-9019-005056c00001', '2023-12-30 08:45:52', 0, 'Device Data 2023/12/30 08:45:52', 30.103827, 120.486312, 39);
INSERT INTO `message` VALUES (388, '28f32481-a4e4-11ee-9019-005056c00001', '2023-12-30 08:45:59', 0, 'Device Data 2023/12/30 08:45:59', 30.397438, 120.485626, 15);
INSERT INTO `message` VALUES (389, '759563e6-a67c-11ee-9019-005056c00001', '2023-12-30 08:45:59', 0, 'Device Data 2023/12/30 08:45:59', 30.397438, 120.485626, 15);
INSERT INTO `message` VALUES (390, '28f5314a-a4e4-11ee-9019-005056c00001', '2023-12-30 08:46:14', 0, 'Device Data 2023/12/30 08:46:14', 30.144651, 120.331882, 45);
INSERT INTO `message` VALUES (391, '7596f241-a67c-11ee-9019-005056c00001', '2023-12-30 08:46:14', 0, 'Device Data 2023/12/30 08:46:14', 30.144651, 120.331882, 45);
INSERT INTO `message` VALUES (392, '28f4850b-a4e4-11ee-9019-005056c00001', '2023-12-30 08:46:14', 0, 'Device Data 2023/12/30 08:46:14', 30.381674, 120.173391, 61);
INSERT INTO `message` VALUES (393, '75965d0f-a67c-11ee-9019-005056c00001', '2023-12-30 08:46:14', 0, 'Device Data 2023/12/30 08:46:14', 30.381674, 120.173391, 61);
INSERT INTO `message` VALUES (394, '28f3f4fa-a4e4-11ee-9019-005056c00001', '2023-12-30 08:46:15', 0, 'Device Data 2023/12/30 08:46:15', 30.284457, 120.009193, 67);
INSERT INTO `message` VALUES (395, '7595ef4f-a67c-11ee-9019-005056c00001', '2023-12-30 08:46:15', 0, 'Device Data 2023/12/30 08:46:15', 30.284457, 120.009193, 67);
INSERT INTO `message` VALUES (396, '28f1f1e9-a4e4-11ee-9019-005056c00001', '2023-12-30 08:46:24', 0, 'Device Data 2023/12/30 08:46:24', 30.298090, 120.167160, 14);
INSERT INTO `message` VALUES (397, '7594bea1-a67c-11ee-9019-005056c00001', '2023-12-30 08:46:24', 0, 'Device Data 2023/12/30 08:46:24', 30.298090, 120.167160, 14);
INSERT INTO `message` VALUES (398, '28f32481-a4e4-11ee-9019-005056c00001', '2023-12-30 08:46:42', 0, 'Device Data 2023/12/30 08:46:42', 30.148633, 120.320646, 8);
INSERT INTO `message` VALUES (399, '759563e6-a67c-11ee-9019-005056c00001', '2023-12-30 08:46:42', 0, 'Device Data 2023/12/30 08:46:42', 30.148633, 120.320646, 8);
INSERT INTO `message` VALUES (400, '28f4850b-a4e4-11ee-9019-005056c00001', '2023-12-30 08:46:50', 1, 'Device Data 2023/12/30 08:46:50', 30.426481, 120.066624, 99);
INSERT INTO `message` VALUES (401, '75965d0f-a67c-11ee-9019-005056c00001', '2023-12-30 08:46:50', 1, 'Device Data 2023/12/30 08:46:50', 30.426481, 120.066624, 99);
INSERT INTO `message` VALUES (402, '28f5314a-a4e4-11ee-9019-005056c00001', '2023-12-30 08:46:51', 0, 'Device Data 2023/12/30 08:46:51', 30.301180, 120.395515, 19);
INSERT INTO `message` VALUES (403, '7596f241-a67c-11ee-9019-005056c00001', '2023-12-30 08:46:51', 0, 'Device Data 2023/12/30 08:46:51', 30.301180, 120.395515, 19);
INSERT INTO `message` VALUES (404, '28f3f4fa-a4e4-11ee-9019-005056c00001', '2023-12-30 08:46:56', 0, 'Device Data 2023/12/30 08:46:56', 30.133094, 120.430605, 15);
INSERT INTO `message` VALUES (405, '7595ef4f-a67c-11ee-9019-005056c00001', '2023-12-30 08:46:56', 0, 'Device Data 2023/12/30 08:46:56', 30.133094, 120.430605, 15);
INSERT INTO `message` VALUES (406, '28f1f1e9-a4e4-11ee-9019-005056c00001', '2023-12-30 08:47:02', 0, 'Device Data 2023/12/30 08:47:02', 30.335189, 120.366353, 79);
INSERT INTO `message` VALUES (407, '7594bea1-a67c-11ee-9019-005056c00001', '2023-12-30 08:47:02', 0, 'Device Data 2023/12/30 08:47:02', 30.335189, 120.366353, 79);
INSERT INTO `message` VALUES (408, '28f32481-a4e4-11ee-9019-005056c00001', '2023-12-30 08:47:06', 0, 'Device Data 2023/12/30 08:47:06', 30.134260, 120.425597, 52);
INSERT INTO `message` VALUES (409, '759563e6-a67c-11ee-9019-005056c00001', '2023-12-30 08:47:06', 0, 'Device Data 2023/12/30 08:47:06', 30.134260, 120.425597, 52);
INSERT INTO `message` VALUES (410, '28f3f4fa-a4e4-11ee-9019-005056c00001', '2023-12-30 08:47:27', 0, 'Device Data 2023/12/30 08:47:27', 30.396415, 120.131267, 35);
INSERT INTO `message` VALUES (411, '7595ef4f-a67c-11ee-9019-005056c00001', '2023-12-30 08:47:27', 0, 'Device Data 2023/12/30 08:47:27', 30.396415, 120.131267, 35);
INSERT INTO `message` VALUES (412, '28f1f1e9-a4e4-11ee-9019-005056c00001', '2023-12-30 08:47:28', 0, 'Device Data 2023/12/30 08:47:28', 30.104569, 120.336300, 11);
INSERT INTO `message` VALUES (413, '7594bea1-a67c-11ee-9019-005056c00001', '2023-12-30 08:47:28', 0, 'Device Data 2023/12/30 08:47:28', 30.104569, 120.336300, 11);
INSERT INTO `message` VALUES (414, '28f5314a-a4e4-11ee-9019-005056c00001', '2023-12-30 08:47:28', 0, 'Device Data 2023/12/30 08:47:28', 30.494182, 119.920426, 41);
INSERT INTO `message` VALUES (415, '7596f241-a67c-11ee-9019-005056c00001', '2023-12-30 08:47:28', 0, 'Device Data 2023/12/30 08:47:28', 30.494182, 119.920426, 41);
INSERT INTO `message` VALUES (416, '28f32481-a4e4-11ee-9019-005056c00001', '2023-12-30 08:47:32', 0, 'Device Data 2023/12/30 08:47:32', 30.164928, 120.461636, 2);
INSERT INTO `message` VALUES (417, '759563e6-a67c-11ee-9019-005056c00001', '2023-12-30 08:47:32', 0, 'Device Data 2023/12/30 08:47:32', 30.164928, 120.461636, 2);
INSERT INTO `message` VALUES (418, '28f4850b-a4e4-11ee-9019-005056c00001', '2023-12-30 08:47:35', 0, 'Device Data 2023/12/30 08:47:35', 30.208616, 120.288480, 13);
INSERT INTO `message` VALUES (419, '75965d0f-a67c-11ee-9019-005056c00001', '2023-12-30 08:47:35', 0, 'Device Data 2023/12/30 08:47:35', 30.208616, 120.288480, 13);
INSERT INTO `message` VALUES (420, '28f3f4fa-a4e4-11ee-9019-005056c00001', '2024-01-03 23:17:33', 1, 'Device Data 2024/01/03 23:17:33', 30.229386, 120.191820, 86);
INSERT INTO `message` VALUES (421, '7595ef4f-a67c-11ee-9019-005056c00001', '2024-01-03 23:17:33', 1, 'Device Data 2024/01/03 23:17:33', 30.229386, 120.191820, 86);
INSERT INTO `message` VALUES (422, '28f32481-a4e4-11ee-9019-005056c00001', '2024-01-03 23:17:37', 0, 'Device Data 2024/01/03 23:17:37', 30.275879, 120.087021, 80);
INSERT INTO `message` VALUES (423, '759563e6-a67c-11ee-9019-005056c00001', '2024-01-03 23:17:37', 0, 'Device Data 2024/01/03 23:17:37', 30.275879, 120.087021, 80);
INSERT INTO `message` VALUES (424, '28f5314a-a4e4-11ee-9019-005056c00001', '2024-01-03 23:17:44', 1, 'Device Data 2024/01/03 23:17:44', 30.100178, 120.252261, 95);
INSERT INTO `message` VALUES (425, '7596f241-a67c-11ee-9019-005056c00001', '2024-01-03 23:17:44', 1, 'Device Data 2024/01/03 23:17:44', 30.100178, 120.252261, 95);
INSERT INTO `message` VALUES (426, '28f1f1e9-a4e4-11ee-9019-005056c00001', '2024-01-03 23:17:55', 0, 'Device Data 2024/01/03 23:17:55', 30.413299, 119.926980, 80);
INSERT INTO `message` VALUES (427, '7594bea1-a67c-11ee-9019-005056c00001', '2024-01-03 23:17:55', 0, 'Device Data 2024/01/03 23:17:55', 30.413299, 119.926980, 80);
INSERT INTO `message` VALUES (428, '28f4850b-a4e4-11ee-9019-005056c00001', '2024-01-03 23:17:59', 0, 'Device Data 2024/01/03 23:17:59', 30.147201, 120.402446, 47);
INSERT INTO `message` VALUES (429, '75965d0f-a67c-11ee-9019-005056c00001', '2024-01-03 23:17:59', 0, 'Device Data 2024/01/03 23:17:59', 30.147201, 120.402446, 47);
INSERT INTO `message` VALUES (430, '28f32481-a4e4-11ee-9019-005056c00001', '2024-01-03 23:18:08', 0, 'Device Data 2024/01/03 23:18:08', 30.445330, 119.946231, 16);
INSERT INTO `message` VALUES (431, '759563e6-a67c-11ee-9019-005056c00001', '2024-01-03 23:18:08', 0, 'Device Data 2024/01/03 23:18:08', 30.445330, 119.946231, 16);
INSERT INTO `message` VALUES (432, '28f3f4fa-a4e4-11ee-9019-005056c00001', '2024-01-03 23:18:12', 0, 'Device Data 2024/01/03 23:18:12', 30.164354, 120.204159, 78);
INSERT INTO `message` VALUES (433, '7595ef4f-a67c-11ee-9019-005056c00001', '2024-01-03 23:18:12', 0, 'Device Data 2024/01/03 23:18:12', 30.164354, 120.204159, 78);
INSERT INTO `message` VALUES (434, '28f4850b-a4e4-11ee-9019-005056c00001', '2024-01-03 23:18:17', 0, 'Device Data 2024/01/03 23:18:17', 30.337101, 120.171627, 27);
INSERT INTO `message` VALUES (435, '75965d0f-a67c-11ee-9019-005056c00001', '2024-01-03 23:18:17', 0, 'Device Data 2024/01/03 23:18:17', 30.337101, 120.171627, 27);
INSERT INTO `message` VALUES (436, '28f5314a-a4e4-11ee-9019-005056c00001', '2024-01-03 23:18:25', 0, 'Device Data 2024/01/03 23:18:25', 30.439795, 120.114548, 48);
INSERT INTO `message` VALUES (437, '7596f241-a67c-11ee-9019-005056c00001', '2024-01-03 23:18:25', 0, 'Device Data 2024/01/03 23:18:25', 30.439795, 120.114548, 48);
INSERT INTO `message` VALUES (438, '28f1f1e9-a4e4-11ee-9019-005056c00001', '2024-01-03 23:18:37', 0, 'Device Data 2024/01/03 23:18:37', 30.127217, 120.406803, 12);
INSERT INTO `message` VALUES (439, '7594bea1-a67c-11ee-9019-005056c00001', '2024-01-03 23:18:37', 0, 'Device Data 2024/01/03 23:18:37', 30.127217, 120.406803, 12);
INSERT INTO `message` VALUES (440, '28f4850b-a4e4-11ee-9019-005056c00001', '2024-01-03 23:18:51', 0, 'Device Data 2024/01/03 23:18:51', 30.146490, 120.144190, 26);
INSERT INTO `message` VALUES (441, '75965d0f-a67c-11ee-9019-005056c00001', '2024-01-03 23:18:51', 0, 'Device Data 2024/01/03 23:18:51', 30.146490, 120.144190, 26);
INSERT INTO `message` VALUES (442, '28f5314a-a4e4-11ee-9019-005056c00001', '2024-01-03 23:18:51', 1, 'Device Data 2024/01/03 23:18:51', 30.155469, 120.418435, 93);
INSERT INTO `message` VALUES (443, '7596f241-a67c-11ee-9019-005056c00001', '2024-01-03 23:18:51', 1, 'Device Data 2024/01/03 23:18:51', 30.155469, 120.418435, 93);
INSERT INTO `message` VALUES (444, '28f3f4fa-a4e4-11ee-9019-005056c00001', '2024-01-03 23:18:52', 0, 'Device Data 2024/01/03 23:18:52', 30.373062, 119.993203, 15);
INSERT INTO `message` VALUES (445, '7595ef4f-a67c-11ee-9019-005056c00001', '2024-01-03 23:18:52', 0, 'Device Data 2024/01/03 23:18:52', 30.373062, 119.993203, 15);
INSERT INTO `message` VALUES (446, '28f32481-a4e4-11ee-9019-005056c00001', '2024-01-03 23:18:53', 0, 'Device Data 2024/01/03 23:18:53', 30.489406, 120.153614, 18);
INSERT INTO `message` VALUES (447, '759563e6-a67c-11ee-9019-005056c00001', '2024-01-03 23:18:53', 0, 'Device Data 2024/01/03 23:18:53', 30.489406, 120.153614, 18);
INSERT INTO `message` VALUES (448, '28f1f1e9-a4e4-11ee-9019-005056c00001', '2024-01-03 23:19:01', 0, 'Device Data 2024/01/03 23:19:01', 30.193390, 120.220156, 54);
INSERT INTO `message` VALUES (449, '7594bea1-a67c-11ee-9019-005056c00001', '2024-01-03 23:19:01', 0, 'Device Data 2024/01/03 23:19:01', 30.193390, 120.220156, 54);
INSERT INTO `message` VALUES (450, '28f3f4fa-a4e4-11ee-9019-005056c00001', '2024-01-03 23:19:13', 0, 'Device Data 2024/01/03 23:19:13', 30.322412, 119.959783, 56);
INSERT INTO `message` VALUES (451, '7595ef4f-a67c-11ee-9019-005056c00001', '2024-01-03 23:19:13', 0, 'Device Data 2024/01/03 23:19:13', 30.322412, 119.959783, 56);
INSERT INTO `message` VALUES (452, '28f4850b-a4e4-11ee-9019-005056c00001', '2024-01-03 23:19:14', 0, 'Device Data 2024/01/03 23:19:14', 30.425465, 120.258641, 50);
INSERT INTO `message` VALUES (453, '75965d0f-a67c-11ee-9019-005056c00001', '2024-01-03 23:19:14', 0, 'Device Data 2024/01/03 23:19:14', 30.425465, 120.258641, 50);
INSERT INTO `message` VALUES (454, '28f1f1e9-a4e4-11ee-9019-005056c00001', '2024-01-03 23:19:17', 0, 'Device Data 2024/01/03 23:19:17', 30.279391, 120.398762, 58);
INSERT INTO `message` VALUES (455, '7594bea1-a67c-11ee-9019-005056c00001', '2024-01-03 23:19:17', 0, 'Device Data 2024/01/03 23:19:17', 30.279391, 120.398762, 58);
INSERT INTO `message` VALUES (456, '28f32481-a4e4-11ee-9019-005056c00001', '2024-01-03 23:19:25', 0, 'Device Data 2024/01/03 23:19:25', 30.464404, 120.358496, 37);
INSERT INTO `message` VALUES (457, '759563e6-a67c-11ee-9019-005056c00001', '2024-01-03 23:19:25', 0, 'Device Data 2024/01/03 23:19:25', 30.464404, 120.358496, 37);
INSERT INTO `message` VALUES (458, '28f5314a-a4e4-11ee-9019-005056c00001', '2024-01-03 23:19:29', 0, 'Device Data 2024/01/03 23:19:29', 30.376055, 120.058523, 30);
INSERT INTO `message` VALUES (459, '7596f241-a67c-11ee-9019-005056c00001', '2024-01-03 23:19:29', 0, 'Device Data 2024/01/03 23:19:29', 30.376055, 120.058523, 30);
INSERT INTO `message` VALUES (460, '28f3f4fa-a4e4-11ee-9019-005056c00001', '2024-01-03 23:19:44', 1, 'Device Data 2024/01/03 23:19:44', 30.257557, 120.415397, 85);
INSERT INTO `message` VALUES (461, '7595ef4f-a67c-11ee-9019-005056c00001', '2024-01-03 23:19:44', 1, 'Device Data 2024/01/03 23:19:44', 30.257557, 120.415397, 85);
INSERT INTO `message` VALUES (462, '28f4850b-a4e4-11ee-9019-005056c00001', '2024-01-03 23:19:45', 0, 'Device Data 2024/01/03 23:19:45', 30.363536, 120.197527, 55);
INSERT INTO `message` VALUES (463, '75965d0f-a67c-11ee-9019-005056c00001', '2024-01-03 23:19:45', 0, 'Device Data 2024/01/03 23:19:45', 30.363536, 120.197527, 55);
INSERT INTO `message` VALUES (464, '28f1f1e9-a4e4-11ee-9019-005056c00001', '2024-01-03 23:19:47', 1, 'Device Data 2024/01/03 23:19:47', 30.330502, 120.165930, 84);
INSERT INTO `message` VALUES (465, '7594bea1-a67c-11ee-9019-005056c00001', '2024-01-03 23:19:47', 1, 'Device Data 2024/01/03 23:19:47', 30.330502, 120.165930, 84);
INSERT INTO `message` VALUES (466, '28f5314a-a4e4-11ee-9019-005056c00001', '2024-01-03 23:19:54', 0, 'Device Data 2024/01/03 23:19:54', 30.407031, 120.081824, 13);
INSERT INTO `message` VALUES (467, '7596f241-a67c-11ee-9019-005056c00001', '2024-01-03 23:19:54', 0, 'Device Data 2024/01/03 23:19:54', 30.407031, 120.081824, 13);
INSERT INTO `message` VALUES (468, '28f32481-a4e4-11ee-9019-005056c00001', '2024-01-03 23:19:55', 0, 'Device Data 2024/01/03 23:19:55', 30.219977, 119.909613, 3);
INSERT INTO `message` VALUES (469, '759563e6-a67c-11ee-9019-005056c00001', '2024-01-03 23:19:55', 0, 'Device Data 2024/01/03 23:19:55', 30.219977, 119.909613, 3);
INSERT INTO `message` VALUES (470, '28f3f4fa-a4e4-11ee-9019-005056c00001', '2024-01-03 23:20:04', 0, 'Device Data 2024/01/03 23:20:04', 30.407297, 120.371788, 22);
INSERT INTO `message` VALUES (471, '7595ef4f-a67c-11ee-9019-005056c00001', '2024-01-03 23:20:04', 0, 'Device Data 2024/01/03 23:20:04', 30.407297, 120.371788, 22);
INSERT INTO `message` VALUES (472, '28f4850b-a4e4-11ee-9019-005056c00001', '2024-01-03 23:20:05', 0, 'Device Data 2024/01/03 23:20:05', 30.494901, 120.017371, 29);
INSERT INTO `message` VALUES (473, '75965d0f-a67c-11ee-9019-005056c00001', '2024-01-03 23:20:05', 0, 'Device Data 2024/01/03 23:20:05', 30.494901, 120.017371, 29);
INSERT INTO `message` VALUES (474, '28f32481-a4e4-11ee-9019-005056c00001', '2024-01-03 23:20:16', 0, 'Device Data 2024/01/03 23:20:16', 30.216796, 120.256819, 12);
INSERT INTO `message` VALUES (475, '759563e6-a67c-11ee-9019-005056c00001', '2024-01-03 23:20:16', 0, 'Device Data 2024/01/03 23:20:16', 30.216796, 120.256819, 12);

-- ----------------------------
-- Table structure for user
-- ----------------------------
DROP TABLE IF EXISTS `user`;
CREATE TABLE `user`  (
  `id` int NOT NULL AUTO_INCREMENT,
  `username` varchar(255) CHARACTER SET utf8mb4 COLLATE utf8mb4_0900_ai_ci NOT NULL,
  `password` varchar(255) CHARACTER SET utf8mb4 COLLATE utf8mb4_0900_ai_ci NOT NULL,
  `email` varchar(255) CHARACTER SET utf8mb4 COLLATE utf8mb4_0900_ai_ci NOT NULL,
  `phone` varchar(15) CHARACTER SET utf8mb4 COLLATE utf8mb4_0900_ai_ci NOT NULL,
  PRIMARY KEY (`id`) USING BTREE,
  UNIQUE INDEX `username`(`username` ASC) USING BTREE,
  UNIQUE INDEX `email`(`email` ASC) USING BTREE
) ENGINE = InnoDB AUTO_INCREMENT = 14 CHARACTER SET = utf8mb4 COLLATE = utf8mb4_0900_ai_ci ROW_FORMAT = Dynamic;

-- ----------------------------
-- Records of user
-- ----------------------------
INSERT INTO `user` VALUES (2, 'hwj', 'pwd123', '3210103379@zju.edu.cn', '19357570418');
INSERT INTO `user` VALUES (3, 'testEdit', 'update_pwd', 'testEdit@test.com', '123456');
INSERT INTO `user` VALUES (4, 'admin', 'admin123', '2438452556@qq.com', '15167970568');
INSERT INTO `user` VALUES (5, 'test2', 'test123', 'testfront@register.com', '15167970568');
INSERT INTO `user` VALUES (6, 'test3', 'test000', '15167970568@163.com', '19357570418');
INSERT INTO `user` VALUES (7, 'testReg', 'reg123', '123@test.com', '18190907878');
INSERT INTO `user` VALUES (8, 'testReg2', 'reg1234', '123456@test.com', '18190904343');
INSERT INTO `user` VALUES (9, 'reg', 'reg123', 'testReg@test.com', '17898988989');
INSERT INTO `user` VALUES (10, 'Tester', 'admin123', 'error@bug.com', '14354546868');
INSERT INTO `user` VALUES (13, 'admin123', 'admin1234', '123@admin.com', '15166899876');

-- ----------------------------
-- Triggers structure for table device
-- ----------------------------
DROP TRIGGER IF EXISTS `before_insert_device`;
delimiter ;;
CREATE TRIGGER `before_insert_device` BEFORE INSERT ON `device` FOR EACH ROW BEGIN
    SET NEW.device_id = UUID(); -- 使用 UUID 生成唯一标识符
END
;;
delimiter ;

SET FOREIGN_KEY_CHECKS = 1;
